painting_no,technique_id,height_cm,width_cm,radius_cm,year,material_id,artist_id,owner_id,photo,AÇIKLAMA
1,6,20,32,,2012,2,1,1,,
2,6,29,20,,2011,2,1,1,,
3,6,28,20,,2011,2,1,1,,
4,1,32,34,,2014,2,1,1,,
5,1,37,22,,2016,2,1,1,,
6,1,29,32,,2017,2,1,1,,
7,1,"23,5",50,,2016,2,1,1,,
8,1,25,35,,2016,2,1,1,,
9,1,27,40,,2016,2,1,1,,
10,1,21,45,,2016,2,1,1,,
11,1,41,27,,2017,2,1,1,,
12,1,"25,5","45,5",,2016,5,1,1,,
13,1,"31,5",50,,2016,2,1,1,,
14,1,"37,5","27,5",,2016,2,1,1,,
15,1,"27,5",41,,2017,2,1,1,,
16,6,28,20,,2011,2,1,1,,
17,1,22,29,,2014,2,1,1,,
18,1,32,"52,5",,2016,2,1,1,,
19,1,25,45,,2016,2,1,1,,
20,1,30,44,,2016,2,1,1,,
21,1,"25,5",53,,2016,2,1,1,,
22,1,32,35,,2016,2,1,1,,
23,1,"20,5","24,5",,2013,2,1,1,,
24,6,25,21,,2012,2,1,1,,
25,1,27,22,,2015,2,1,1,,
26,1,30,32,,2016,2,1,1,,
27,6,"24,5",34,,2012,2,1,1,,
28,6,"23,5",32,,2012,2,1,1,,
29,6,34,"24,5",,2012,2,1,1,,
30,6,30,21,,2012,2,1,1,,
31,6,33,22,,2011,2,1,1,,
32,6,"23,5",33,,2011,2,1,1,,
33,6,24,"36,5",,2010,2,1,1,,
34,6,"23,5",33,,2011,2,1,1,,
35,6,23,"32,5",,2012,2,1,1,,
36,1,"29,5",44,,2016,2,1,26,,
37,1,35,"30,5",,2016,2,1,1,,
38,1,"37,5",34,,2016,2,1,1,,
39,6,"32,5","23,5",,2011,2,1,1,,
40,6,35,"23,5",,2011,2,1,1,,
41,6,35,26,,2012,2,1,1,,
42,6,35,"29,5",,2011,2,1,1,,
43,6,27,36,,2011,2,1,1,,
44,6,20,"34,5",,2012,2,1,1,,
45,6,21,35,,2011,2,1,1,,
46,6,20,"36,5",,2012,2,1,1,,
47,6,37,14,,2011,2,1,1,,
48,6,37,"14,5",,2011,2,1,1,,
49,1,29,45,,2016,2,1,1,,
50,6,23,22,,2012,2,1,1,,
51,6,21,35,,2011,2,1,1,,
52,6,25,"34,5",,2011,2,1,1,,
53,1,37,33,,2016,2,1,1,,
54,6,35,20,,2011,2,1,1,,
55,6,"17,5","32,5",,2011,2,1,1,,
56,6,23,38,,2011,2,1,1,,
57,6,20,"27,5",,2011,2,1,1,,
58,6,20,"29,5",,2011,2,1,1,,
59,6,"20,5",29,,2011,2,1,1,,
60,6,20,30,,2011,2,1,1,,
61,1,38,"32,5",,2016,5,1,1,,
62,6,31,37,,2012,2,1,1,,
63,6,26,"36,5",,2011,2,1,1,,
64,1,28,"43,5",,2016,5,1,1,,
65,6,22,40,,2012,2,1,1,,
66,6,43,33,,2012,2,1,1,,
67,6,"49,5",21,,2012,2,1,1,,
68,6,"20,5","29,5",,2011,2,1,1,,
69,6,18,32,,2011,2,1,1,,
70,6,21,39,,2012,2,1,1,,
71,6,13,38,,2011,2,1,1,,
72,6,26,41,,2012,2,1,1,,
73,1,"32,5",22,,2014,2,1,1,,
74,6,26,35,,2012,2,1,1,,
75,6,"26,5",27,,2012,2,1,1,,
76,6,"38,5","27,5",,2012,2,1,1,,
77,6,24,33,,2012,2,1,1,,
78,1,24,33,,2016,4,1,1,,
79,1,28,31,,2016,2,1,1,,
80,1,25,37,,2017,2,1,1,,
81,1,"28,5",36,,2017,2,1,1,,
82,6,28,21,,2012,2,1,1,,
83,6,,,26,2011,4,1,1,,
84,1,46,"23,5",,2017,2,1,1,,
85,1,41,"27,5",,2017,2,1,1,,
86,1,29,37,,2017,2,1,1,,
87,6,21,"34,5",,2010,2,1,1,,
88,6,35,20,,2011,2,1,1,,
89,6,41,23,,2012,2,1,1,,
90,6,22,50,,2011,2,1,1,,
91,1,51,21,,2016,2,1,1,,
92,6,24,"42,5",,2010,2,1,1,,
93,6,29,31,,2010,2,1,1,,
94,9,"33,5",18,,2014,2,1,1,,
95,,,,,,,,,BOŞ,
96,,,,,,,,,BOŞ,
97,,,,,,,,,BOŞ,
98,,,,,,,,,BOŞ,
99,,,,,,,,,BOŞ,
100,9,35,22,,2012,3,1,1,,
101,,,,,,,,,BOŞ,
102,6,"25,5",44,,2012,2,1,1,,
103,1,40,30,,2009,3,1,1,,
104,,,,,,,,,BOŞ,
105,,,,,,,,,BOŞ,
106,,,,,,,,,BOŞ,
107,,,,,,,,,BOŞ,
108,6,"20,5",30,,2011,2,1,1,,
109,6,29,"34,5",,2011,2,1,1,,
110,6,29,"36,5",,2011,2,1,1,,
111,,,,,,,,,BOŞ,
112,,,,,,,,,BOŞ,
113,,,,,,,,,BOŞ,
114,,,,,,,,,BOŞ,
115,,,,,,,,,BOŞ,
116,,,,,,,,,BOŞ,
117,6,30,24,,2013,2,1,1,,
118,6,27,"32,5",,2013,2,1,1,,
119,6,24,33,,2013,2,1,1,,
120,6,25,"34,5",,2013,2,1,1,,
121,6,30,24,,2011,2,1,1,,
122,,,,,,,,,BOŞ,
123,6,"23,5","33,5",,2012,2,1,1,,
124,6,40,21,,2011,2,1,1,,
125,6,"40,5","18,5",,2011,2,1,1,,
126,6,41,"19,5",,2012,2,1,1,,
127,6,16,44,,2011,2,1,1,,
128,6,23,38,,2011,2,1,1,,
129,6,20,38,,2011,2,1,1,,
130,6,23,41,,2011,2,1,1,,
131,6,"23,5",33,,2011,2,1,1,,
132,6,"23,5",33,,2011,2,1,1,,
133,6,"23,5","33,5",,2011,2,1,1,,
134,6,20,28,,2011,2,1,1,,
135,6,"22,5",38,,2012,2,1,1,,
136,6,"23,5",33,,2011,2,1,1,,
137,6,"23,5",33,,2011,2,1,1,,
138,6,"23,5",33,,2011,2,1,1,,
139,6,"23,5","32,5",,2011,2,1,1,,
140,6,28,24,,2011,2,1,1,,
141,1,34,31,,2014,2,1,1,,
142,,,,,,,,,BOŞ,
143,,,,,,,,,BOŞ,
144,6,"32,5",24,,2012,2,1,1,,
145,6,28,22,,2011,2,1,1,,
146,6,"21,5",27,,2011,2,1,1,,
147,6,"27,5",19,,2012,2,1,1,,
148,1,49,24,,2014,2,1,1,,
149,,,,,,,,,BOŞ,
150,,,,,,,,,BOŞ,
151,,,,,,,,,BOŞ,
152,,,,,,,,,BOŞ,
153,,,,,,,,,BOŞ,
154,,,,,,,,,BOŞ,
155,,,,,,,,,BOŞ,
156,6,21,29,,2012,2,1,,,
157,6,"29,5",42,,2011,2,1,,,
158,6,"30,5",31,,2011,2,1,,,
159,6,30,30,,2011,2,1,,,
160,6,30,35,,2011,2,1,,,
161,6,23,29,,2011,2,1,,,
162,6,"25,5","29,5",,2012,2,1,,,
163,,,,,,,,,BOŞ,
164,6,"22,5","29,5",,2011,2,1,,,
165,,,,,,,,,BOŞ,
166,6,24,25,,2011,2,1,,,
167,,,,,,,,,BOŞ,
168,,,,,,,,,BOŞ,
169,,,,,,,,,BOŞ,
170,,,,,,,,,BOŞ,
171,1,25,35,,2008,2,1,1,,
172,1,35,50,,1987,2,1,1,,
173,1,38,44,,2014,2,1,1,,
174,6,26,31,,2013,2,1,1,,
175,1,37,37,,1980,2,1,1,,
176,6,38,38,,2013,2,1,1,,
177,6,32,35,,2013,2,1,1,,
178,1,35,29,,2012,2,1,1,,
179,1,30,34,,2014,2,1,1,,
180,1,29,29,,1981,2,1,1,,
181,1,29,39,,2014,2,1,1,,
182,6,20,37,,2013,2,1,1,,
183,6,"27,5","47,5",,2013,2,1,1,,
184,6,"29,5","29,5",,2013,2,1,1,,
185,1,35,47,,2000,2,1,1,,
186,6,29,47,,2013,2,1,1,,
187,1,35,47,,2007,2,1,1,,
188,1,25,32,,2008,2,1,1,,
189,6,"32,5",40,,2013,2,1,1,,
190,6,"25,5",40,,2013,2,1,1,,
191,1,30,45,,2014,2,1,1,,
192,6,29,"32,5",,2012,2,1,1,,
193,6,"22,5",30,,2013,2,1,1,,
194,1,33,42,,1992,2,1,1,,
195,1,22,33,,2001,2,1,1,,
196,1,"22,5",35,,1994,2,1,1,,
197,1,22,"35,5",,1982,2,1,1,,
198,1,25,34,,2014,2,1,1,,
199,6,21,35,,2014,2,1,1,,
200,9,"22,5",35,,2014,2,1,1,,
201,9,25,35,,2010,2,1,1,,
202,9,22,"34,5",,2010,2,1,1,,
203,9,22,"34,5",,2009,2,1,1,,
204,9,22,35,,2010,2,1,1,,
205,1,26,34,,2014,2,1,1,,
206,1,25,40,,2013,2,1,1,,
207,1,"22,5",35,,2014,2,1,1,,
208,1,"24,5",30,,1987,2,1,1,,
209,1,"27,5","27,5",,2014,2,1,1,,
210,1,30,"40,5",,1986,2,1,1,,
211,9,"21,5",35,,2010,2,1,1,,
212,9,22,"33,5",,2010,2,1,1,,
213,1,25,32,,2008,2,1,1,,
214,1,30,"46,5",,1987,2,1,1,,
215,1,26,38,,2009,2,1,1,,
216,1,"28,5",36,,2014,2,1,1,,
217,1,35,48,,2014,2,1,1,,
218,1,33,"35,5",,1984,2,1,1,,
219,1,30,37,,2014,2,1,1,,
220,1,27,42,,2014,2,1,1,,
221,1,"32,5","47,5",,2014,2,1,1,,
222,1,25,35,,1980,2,1,1,,
223,1,23,33,,2014,2,1,1,,
224,1,21,32,,1990,2,1,1,,
225,1,21,32,,2014,2,1,1,,
226,1,35,36,,2010,2,1,1,,
227,1,"27,5","46,5",,2014,2,1,1,,
228,1,30,"44,5",,2014,2,1,1,,
229,1,30,39,,2015,2,1,1,,
230,1,"30,5",39,,2015,2,1,1,,
231,1,27,42,,2012,2,1,1,,
232,6,24,"32,5",,2012,2,1,1,,
233,6,"26,5",40,,2012,2,1,1,,
234,6,26,35,,2012,2,1,1,,
235,6,"30,5","31,5",,2012,2,1,1,,
236,6,25,"35,5",,2013,2,1,1,,
237,6,31,37,,2013,2,1,1,,
238,6,30,33,,2012,2,1,1,,
239,6,25,35,,2012,2,1,1,,
240,6,33,"34,5",,2012,2,1,1,,
241,6,32,36,,2012,2,1,1,,
242,6,30,33,,2012,2,1,1,,
243,6,33,"34,5",,2012,2,1,1,,
244,6,24,"44,5",,2011,2,1,1,,
245,6,"28,5",35,,2012,2,1,1,,
246,6,30,35,,2012,2,1,1,,
247,6,26,35,,2012,2,1,1,,
248,6,26,35,,2012,2,1,1,,
249,6,26,35,,2012,2,1,1,,
250,6,26,36,,2012,2,1,1,,
251,6,34,48,,2012,2,1,1,,
252,6,20,50,,2013,2,1,1,,
253,6,"19,5",46,,2013,2,1,1,,
254,1,"35,5",48,,2015,2,1,1,,
255,6,23,23,,2012,2,1,1,,
256,6,24,24,,2012,2,1,1,,
257,6,24,26,,2013,2,1,1,,
258,6,"23,5",25,,2012,2,1,1,,
259,6,"16,5","41,5",,2012,2,1,1,,
260,6,"17,5","32,5",,2012,2,1,1,,
261,6,19,34,,2012,2,1,1,,
262,6,20,"34,5",,2012,2,1,1,,
263,6,"19,5",33,,2011,2,1,1,,
264,6,"19,5",33,,2011,2,1,1,,
265,6,19,30,,2012,2,1,1,,
266,6,19,34,,2012,2,1,1,,
267,6,21,"29,5",,2012,2,1,1,,
268,6,"18,5",31,,2012,2,1,1,,
269,6,19,35,,2012,2,1,1,,
270,6,"19,5",33,,2013,2,1,1,,
271,6,24,25,,2012,2,1,1,,
272,6,"22,5","34,5",,2012,2,1,1,,
273,6,22,35,,2012,2,1,1,,
274,6,23,27,,2012,2,1,1,,
275,6,"23,5","33,5",,2012,2,1,1,,
276,6,21,28,,2012,2,1,1,,
277,6,26,30,,2012,2,1,1,,
278,6,26,30,,2013,2,1,1,,
279,6,29,"32,5",,2013,2,1,1,,
280,6,"31,5",32,,2013,2,1,1,,
281,6,26,"45,5",,2013,2,1,1,,
282,6,30,35,,2013,2,1,1,,
283,6,35,"35,5",,2013,2,1,1,,
284,6,25,34,,2013,2,1,1,,
285,6,"26,5","32,5",,2013,2,1,1,,
286,6,27,30,,2013,2,1,1,,
287,6,28,30,,2013,2,1,1,,
288,6,27,30,,2013,2,1,1,,
289,6,"20,5",38,,2013,2,1,1,,
290,6,23,43,,2013,2,1,1,,
291,6,23,"37,5",,2013,2,1,1,,
292,6,30,38,,2012,2,1,1,,
293,6,"27,5","47,5",,2013,2,1,1,,
294,6,"18,5",30,,2013,2,1,1,,
295,6,17,"29,5",,2013,2,1,1,,
296,6,24,31,,2013,2,1,1,,
297,6,23,30,,2013,2,1,1,,
298,6,35,35,,2013,2,1,1,,
299,6,26,41,,2013,2,1,1,,
300,6,35,35,,2013,2,1,1,,
301,6,24,24,,2013,2,1,1,,
302,6,26,28,,2013,2,1,1,,
303,6,20,25,,2013,2,1,1,,
304,6,28,29,,2013,2,1,1,,
305,6,25,32,,2013,2,1,1,,
306,6,22,23,,2013,2,1,1,,
307,6,35,35,,2013,2,1,1,,
308,6,33,"34,5",,2013,2,1,1,,
309,6,"30,5","47,5",,2013,2,1,1,,
310,6,23,"46,5",,2013,2,1,1,,
311,1,22,"30,5",,2014,6,1,1,,
312,1,26,34,,2014,6,1,1,,
313,9,28,"35,5",,2010,6,1,1,,
314,1,29,"32,5",,2007,2,1,1,,
315,6,22,30,,2013,2,1,1,,
316,6,28,32,,2010,2,1,1,,
317,1,29,32,,2014,2,1,1,,
318,6,18,35,,2013,2,1,1,,
319,6,20,40,,2013,2,1,1,,
320,6,27,"44,5",,2013,2,1,1,,
321,1,"29,5","41,5",,2014,2,1,1,,
322,6,23,42,,2012,2,1,1,,
323,6,29,"31,5",,2012,2,1,1,,
324,6,"37,5","29,5",,2012,2,1,1,,
325,6,31,38,,2012,2,1,1,,
326,6,29,37,,2012,2,1,1,,
327,6,26,36,,2012,2,1,1,,
328,6,30,35,,2012,2,1,1,,
329,6,19,38,,2012,2,1,1,,
330,6,28,"34,5",,2013,2,1,1,,
331,6,"26,5",28,,2013,2,1,1,,
332,6,"28,5",34,,2013,2,1,1,,
333,1,"27,5","35,5",,2014,2,1,1,,
334,6,25,32,,2013,2,1,1,,
335,6,26,35,,2012,2,1,1,,
336,6,26,35,,2012,2,1,1,,
337,6,26,35,,2012,2,1,1,,
338,6,26,35,,2012,2,1,1,,
339,1,"24,5",43,,2006,2,1,1,,
340,6,17,33,,2011,2,1,1,,
341,1,35,36,,2014,3,1,1,,
342,1,30,45,,2014,2,1,1,,
343,1,36,43,,2015,2,1,1,,
344,1,"35,5",47,,2015,,1,2,YOK,
345,1,30,40,,2015,2,1,1,,
346,1,30,40,,2015,2,1,1,,
347,1,30,40,,2015,2,1,1,,
348,1,"32,5",45,,2015,2,1,1,,
349,1,29,"47,5",,2015,2,1,1,,
350,1,"24,5",30,,2012,2,1,1,,
351,1,25,"31,5",,1996,2,1,1,,
352,1,25,35,,1998,2,1,1,,
353,1,26,"26,5",,1981,2,1,1,,
354,1,30,35,,2012,2,1,1,,
355,1,18,43,,2007,2,1,1,,
356,1,22,35,,1981,2,1,1,,
357,1,"27,5",39,,2014,2,1,1,,
358,1,"24,5",35,,2001,2,1,1,,
359,1,"21,5",39,,2012,2,1,1,,
360,1,24,"28,5",,1982,2,1,1,,
361,1,29,41,,1978,2,1,1,,
362,1,25,32,,2009,2,1,1,,
363,1,25,32,,2007,6,1,1,,
364,1,22,35,,1981,6,1,1,,
365,1,16,41,,2009,2,1,1,,
366,1,"16,5",41,,2005,2,1,1,YOK,
367,1,"19,5",44,,2010,2,1,1,,
368,1,31,39,,2013,6,1,1,,
369,1,35,38,,1982,6,1,1,,
370,9,22,35,,2013,6,1,1,,
371,1,"22,5",35,,2006,6,1,1,,
372,1,35,22,,2013,6,1,1,,
373,1,27,35,,1980,6,1,1,BULANIK,
374,1,19,44,,2006,6,1,1,,
375,1,28,38,,2013,2,1,1,,
376,6,"25,5","33,5",,2014,2,1,1,,
377,1,40,30,,1981,3,1,1,,
378,1,26,36,,2014,2,1,1,,
379,1,22,35,,2008,6,1,1,,
380,1,22,35,,1987,6,1,1,,
381,1,25,30,,1985,6,1,1,,
382,1,29,"32,5",,1980,6,1,1,,
383,1,22,35,,1981,6,1,1,,
384,1,"22,5","34,5",,2008,6,1,1,,
385,1,"21,5",36,,2007,2,1,1,,
386,1,33,"38,5",,1984,6,1,1,,
387,1,"30,5","30,5",,2011,6,1,1,,
388,1,"25,5","25,5",,2013,2,1,1,,
389,1,22,"35,5",,2008,6,1,1,BULANIK,
390,1,22,"35,5",,1986,6,1,1,,
391,1,30,40,,1981,6,1,1,,
392,1,25,30,,1995,6,1,1,,
393,1,22,35,,2012,6,1,1,BULANIK,
394,1,25,35,,2009,6,1,1,,
395,1,"17,5","27,5",,2013,2,1,1,,
396,1,22,35,,1984,6,1,1,,
397,,25,30,,,,1,1,YOK,?
398,1,25,32,,2007,6,1,1,,
399,1,35,35,,1987,6,1,1,,
400,1,"21,5",30,,2000,6,1,1,,
401,1,"31,5",25,,2012,2,1,1,,
402,,"16,5",20,,,,1,1,YOK,?
403,1,35,35,,2001,6,1,1,,
404,1,35,25,,2011,6,1,1,,
405,1,25,17,,2009,6,1,1,,
406,1,25,"31,5",,2009,6,1,1,BULANIK,
407,1,40,30,,1985,6,1,1,,
408,1,41,31,,2012,2,1,1,,
409,1,"21,5",25,,1978,6,1,1,,
410,1,34,24,,1978,6,1,1,,
411,1,25,27,,1983,6,1,1,,
412,1,"27,5",31,,1989,6,1,1,,
413,1,"29,5",25,,2006,2,1,1,,
414,1,35,22,,1981,3,1,1,,
415,1,"35,5",22,,1985,3,1,1,,
416,1,25,"17,5",,2006,2,1,1,,
417,1,15,30,,2000,2,1,1,,
418,1,32,17,,2009,2,1,1,,
419,1,18,32,,1998,2,1,1,,
420,1,"28,5","19,5",,1998,2,1,1,,
421,1,"29,5","24,5",,1993,2,1,1,,
422,1,34,"15,5",,1983,3,1,1,,
423,1,35,22,,1981,3,1,1,,
424,1,35,22,,1982,3,1,1,BULANIK,
425,,"24,5",30,,,,1,1,YOK,?
426,1,25,17,,1991,6,1,1,,
427,1,"15,5","29,5",,2013,,1,1,YOK,
428,1,15,21,,1978,,1,1,YOK,
429,1,"16,5","24,5",,2008,,1,1,YOK,
430,6,18,"21,5",,2011,,1,1,YOK,
431,1,"9,5",32,,2008,,1,1,YOK,
432,1,"33,5",48,,2015,,1,1,YOK,
433,9,25,17,,2010,3,1,1,,
434,1,"14,5","26,5",,2011,,1,1,YOK,
435,1,"17,5",25,,2006,2,1,1,,
436,1,25,17,,2006,2,1,1,,
437,1,"17,5",25,,2006,3,1,1,,
438,1,"17,5",25,,2006,6,1,1,,
439,9,20,30,,2009,,1,1,YOK,
440,1,17,22,,2009,,1,1,YOK,
441,1,"17,5",22,,2009,,1,1,YOK,
442,1,25,17,,2009,3,1,1,,
443,1,25,17,,2006,2,1,1,,
444,1,"24,5",17,,2005,6,1,1,,
445,6,"12,5",30,,2010,,1,1,YOK,
446,1,15,25,,2001,,1,1,YOK,
447,1,"11,5",20,,2001,,1,1,YOK,
448,6,"17,5",22,,2009,,1,1,YOK,
449,6,19,20,,2009,,1,1,YOK,
450,6,"9,5",10,,2010,,1,1,YOK,
451,6,"11,5",20,,2009,,1,1,YOK,
452,6,"12,5","26,5",,2010,,1,1,YOK,
453,1,25,"17,5",,2008,3,1,1,,
454,1,25,"17,5",,2007,3,1,1,,
455,1,25,17,,2012,3,1,1,,
456,1,25,17,,2010,3,1,1,,
457,1,25,"17,5",,2010,3,1,1,,
458,6,13,25,,2010,,1,1,YOK,
459,1,22,17,,2006,2,1,1,,
460,1,"20,5","17,5",,2009,3,1,1,,
461,1,25,"17,5",,2012,3,1,1,,
462,6,8,12,,2010,,1,1,YOK,
463,1,18,24,,2009,3,1,1,,
464,9,14,20,,2012,,1,1,YOK,
465,1,25,"17,5",,2007,2,1,1,,
466,1,25,"17,5",,2009,6,1,1,,
467,1,15,24,,2010,,1,1,YOK,
468,1,25,"17,5",,2005,6,1,1,,
469,1,18,25,,2013,,1,1,YOK,
470,6,13,27,,2009,,1,1,YOK,
471,6,13,24,,2009,,1,1,YOK,
472,6,12,24,,2009,,1,1,YOK,
473,6,24,18,,2009,5,1,1,,
474,6,19,23,,2009,,1,1,YOK,
475,6,19,19,,2009,,1,1,YOK,
476,1,"14,5",26,,2001,,1,1,YOK,
477,9,"17,5",25,,2008,3,1,1,,
478,9,25,17,,2013,6,1,1,,
479,1,25,17,,2013,3,1,1,,
480,9,25,17,,2013,3,1,1,,
481,1,25,17,,2013,6,1,1,,
482,1,25,17,,2013,3,1,1,,
483,1,"15,5",25,,2010,,1,1,YOK,
484,1,"24,5","16,5",,2013,6,1,1,,
485,1,12,32,,2001,,1,1,YOK,
486,1,"17,5",25,,2013,6,1,1,,
487,6,18,24,,2009,5,1,1,,
488,1,25,"17,5",,2008,6,1,1,,
489,1,25,"17,5",,2009,3,1,1,,
490,1,"14,5",25,,2002,,1,1,YOK,
491,6,22,28,,2012,2,1,1,,
492,6,"18,5",28,,2012,2,1,1,,
493,6,"18,5","28,5",,2012,2,1,1,,
494,6,31,20,,2012,2,1,1,,
495,6,20,35,,2012,2,1,1,,
496,6,19,31,,2012,2,1,1,,
497,1,29,25,,2012,2,1,1,,
498,6,"24,5",30,,2012,2,1,1,,
499,1,25,21,,2009,6,1,1,,
500,1,24,"31,5",,2012,2,1,1,,
501,6,"17,5",35,,2009,2,1,1,,
502,1,"33,5","20,5",,2012,2,1,1,,
503,6,"21,5",42,,2012,2,1,1,,
504,1,35,25,,2009,2,1,1,,
505,1,29,25,,2006,2,1,1,,
506,1,"24,5","26,5",,2000,2,1,1,,
507,6,34,14,,2012,2,1,1,,
508,6,24,"24,5",,2012,2,1,1,,
509,6,"18,5","35,5",,2012,2,1,1,,
510,6,35,22,,2012,2,1,1,,
511,6,22,27,,2012,2,1,1,,
512,6,27,"32,5",,2012,2,1,1,,
513,6,"23,5",35,,2009,2,1,1,,
514,1,17,25,,2001,2,1,1,,
515,6,23,34,,2009,2,1,1,,
516,6,"16,5","40,5",,2009,2,1,1,,
517,1,35,15,,2005,6,1,1,,
518,1,"29,5",25,,2001,2,1,1,,
519,1,26,43,,2003,2,1,1,,
520,1,30,37,,2012,2,1,1,,
521,1,29,33,,2012,2,1,1,,
522,1,25,32,,2006,2,1,1,,
523,1,26,38,,1995,2,1,1,,
524,1,32,25,,2013,2,1,1,,
525,1,35,22,,2013,2,1,1,,
526,1,37,19,,2009,2,1,1,,
527,9,36,15,,2010,2,1,1,,
528,6,27,"17,5",,2010,2,1,1,,
529,6,"26,5","12,5",,2010,2,1,1,,
530,6,13,25,,2010,2,1,1,,
531,6,15,24,,2009,2,1,1,,
532,6,"9,5","25,5",,2011,2,1,1,,
533,6,"9,5","30,5",,2010,2,1,1,,
534,6,"32,5","10,5",,2011,2,1,1,,
535,6,"10,5","34,5",,2010,2,1,1,,
536,6,29,"12,5",,2010,2,1,1,,
537,6,19,19,,2009,2,1,1,,
538,6,"15,5",29,,2009,2,1,1,,
539,6,20,35,,2012,2,1,1,,
540,6,20,33,,2012,2,1,1,,
541,6,"18,5",35,,2012,2,1,1,,
542,6,"37,5",17,,2010,2,1,1,,
543,6,"19,5",30,,2009,2,1,1,,
544,6,"19,5",37,,2009,2,1,1,,
545,6,"20,5",38,,2009,2,1,1,,
546,6,20,"33,5",,2009,2,1,1,,
547,6,19,"29,5",,2009,2,1,1,,
548,6,38,"15,5",,2009,2,1,1,,
549,6,19,"29,5",,2009,2,1,1,,
550,6,27,"24,5",,2010,2,1,1,,
551,6,"18,5","36,5",,2009,2,1,1,,
552,6,24,31,,2010,2,1,1,,
553,6,"21,5",31,,2010,2,1,1,,
554,6,18,30,,2011,2,1,1,,
555,6,17,27,,2010,2,1,1,,
556,6,21,27,,2010,2,1,1,,
557,6,"16,5","29,5",,2011,2,1,1,,
558,6,"22,5","34,5",,2010,2,1,1,,
559,6,"17,5","27,5",,2010,2,1,1,,
560,6,16,"33,5",,2011,2,1,1,,
561,6,"19,5","25,5",,2011,2,1,1,,
562,6,18,24,,2000,3,1,1,,
563,1,22,35,,2011,2,1,1,,
564,1,20,43,,1976,2,1,1,,
565,1,"16,5",25,,2012,2,1,1,,
566,1,22,"35,5",,2005,2,1,1,,
567,1,25,35,,2008,2,1,1,,
568,6,16,"34,5",,2011,2,1,1,,
569,6,"17,5",33,,2010,2,1,1,,
570,6,"16,5","34,5",,2011,2,1,1,,
571,6,"16,5",30,,2011,2,1,1,,
572,6,"23,5",35,,2011,2,1,1,,
573,6,23,31,,2010,2,1,1,,
574,6,22,32,,2009,2,1,1,,
575,6,"22,5","34,5",,2011,2,1,1,,
576,6,23,"30,5",,2010,2,1,1,,
577,1,"24,5",30,,2008,2,1,1,BULANIK,
578,1,25,30,,2008,2,1,1,,
579,1,25,35,,2008,2,1,1,,
580,1,25,35,,2005,3,1,1,,
581,1,25,35,,2005,3,1,1,,
582,1,25,35,,2005,3,1,1,,
583,1,22,30,,2005,3,1,1,,
584,1,25,32,,2008,3,1,1,,
585,1,"24,5",35,,2005,3,1,1,,
586,1,25,35,,2006,3,1,1,,
587,1,25,33,,1995,3,1,1,,
588,1,"24,5",30,,2008,3,1,1,,
589,1,25,"29,5",,2005,3,1,1,,
590,1,25,29,,2005,3,1,1,,
591,1,"23,5","29,5",,2006,3,1,1,,
592,1,24,30,,2008,2,1,1,,
593,1,"24,5","29,5",,2008,3,1,1,,
594,1,25,"29,5",,,3,1,1,,
595,1,25,"29,5",,2005,3,1,1,,
596,1,25,32,,2006,3,1,1,,
597,1,25,32,,2005,3,1,1,,
598,1,28,38,,1995,2,1,1,,
599,1,25,29,,2005,3,1,1,,
600,1,25,"29,5",,2008,3,1,1,,
601,1,"24,5","29,5",,2008,3,1,1,,
602,1,24,32,,2005,3,1,1,,
603,1,23,32,,2008,2,1,1,,
604,1,24,28,,2008,6,1,1,,
605,1,25,"31,5",,2008,2,1,1,,
606,1,20,"32,5",,2008,2,1,1,,
607,1,"17,5",25,,2008,2,1,1,,
608,1,22,"29,5",,2008,2,1,1,,
609,1,25,"29,5",,2008,3,1,1,,
610,1,25,"31,5",,2008,3,1,1,,
611,1,25,"29,5",,2005,3,1,1,,
612,1,21,"29,5",,2009,3,1,1,,
613,1,25,"29,5",,2005,3,1,1,,
614,1,"25,5",33,,2008,2,1,1,,
615,6,14,28,,2010,2,1,1,,
616,6,11,"32,5",,2010,2,1,1,,
617,6,11,"26,5",,2010,2,1,1,,
618,6,13,19,,2011,2,1,1,,
619,6,11,14,,2011,2,1,1,,
620,6,10,24,,2010,2,1,1,,
621,6,"9,5",20,,2011,2,1,1,,
622,6,"10,5",23,,2011,2,1,1,,
623,6,9,"21,5",,2010,2,1,1,,
624,6,"15,5",16,,2010,2,1,1,,
625,1,"10,5",31,,1995,2,1,1,,
626,6,10,20,,2011,2,1,1,,
627,1,22,35,,2008,3,1,1,,
628,1,30,30,,1995,3,1,1,,
629,1,20,34,,2001,3,1,1,,
630,1,25,35,,2008,2,1,1,,
631,1,22,35,,2012,6,1,1,,
632,1,25,30,,2008,6,1,1,,
633,1,23,33,,2009,6,1,1,,
634,1,23,"25,5",,2008,6,1,1,,
635,1,17,25,,2010,6,1,1,,
636,9,22,"35,5",,2012,6,1,1,,
637,1,"20,5",31,,2012,6,1,1,,
638,6,22,40,,2013,2,1,1,,
639,6,22,"36,5",,2013,2,1,1,,
640,6,"27,5",45,,2013,2,1,1,,
641,6,"20,5",39,,2013,2,1,1,,
642,6,20,"36,5",,2013,2,1,1,,
643,6,23,29,,2013,3,1,21,YOK,
644,6,"23,5",25,,2013,2,1,1,,
645,6,18,"33,5",,2013,2,1,1,,
646,6,25,44,,2014,2,1,1,,
647,6,22,34,,2013,6,1,1,,
648,6,"23,5",38,,2013,2,1,1,,
649,6,24,41,,2013,2,1,1,,
650,6,25,35,,2013,2,1,1,,
651,6,26,32,,2014,2,1,1,,
652,6,28,32,,2014,2,1,1,,
653,6,21,40,,2013,2,1,1,,
654,9,20,39,,2013,2,1,1,,
655,6,20,"39,5",,2013,2,1,1,,
656,6,"25,5","34,5",,2013,2,1,1,,
657,6,26,45,,2014,2,1,1,,
658,6,25,32,,2013,2,1,1,,
659,9,25,34,,2013,2,1,1,,
660,1,26,"48,5",,2012,6,1,1,,
661,6,20,40,,2013,2,1,1,,
662,6,26,"33,5",,2013,2,1,1,,
663,6,"19,5",33,,2014,2,1,1,,
664,6,24,45,,2013,2,1,1,,
665,6,25,"44,5",,2014,2,1,1,,
666,6,22,36,,2013,2,1,1,,
667,9,17,34,,2014,6,1,1,,
668,6,23,45,,2014,2,1,1,,
669,6,27,38,,2013,6,1,1,,
670,6,28,"37,5",,2014,2,1,1,,
671,6,25,35,,2014,2,1,1,,
672,6,26,44,,2013,2,1,1,,
673,6,28,"45,5",,2013,2,1,1,,
674,9,29,32,,2013,6,1,1,,
675,9,25,33,,2013,2,1,1,,
676,6,"19,5",35,,2013,,1,1,YOK,
677,9,29,32,,2014,2,1,1,,
678,6,25,38,,2013,2,1,1,,
679,6,25,31,,2013,2,1,1,,
680,6,20,35,,2013,2,1,1,,
681,6,"24,5",28,,2013,2,1,1,,
682,6,25,30,,2013,2,1,1,,
683,6,26,30,,2013,2,1,1,,
684,6,26,30,,2013,2,1,1,,
685,6,"21,5",35,,2013,2,1,1,,
686,6,"21,5","32,5",,2013,2,1,1,,
687,6,27,"34,5",,2013,2,1,1,,
688,6,"22,5",28,,2013,2,1,1,,
689,6,"25,5",34,,2013,2,1,1,,
690,6,"23,5","34,5",,2013,2,1,1,,
691,6,28,33,,2013,2,1,1,,
692,9,"28,5",35,,2014,2,1,1,,
693,6,"25,5",35,,2013,,1,1,YOK,?
694,6,27,45,,2014,2,1,1,,
695,1,28,38,,2014,2,1,1,,
696,6,"29,5","41,5",,2013,2,1,1,,
697,6,30,42,,2014,2,1,1,,
698,6,"29,5",42,,2013,2,1,1,,
699,1,25,33,,2014,2,1,1,,
700,6,30,45,,2014,,1,21,YOK,
701,6,30,40,,2013,3,1,1,,
702,1,22,35,,2012,6,1,1,,
703,1,25,30,,1990,6,1,1,,
704,1,25,30,,2005,6,1,1,,
705,9,22,38,,2014,2,1,1,,
706,6,25,30,,2014,6,1,1,,
707,1,20,34,,2014,2,1,1,,
708,1,20,29,,2009,6,1,1,,
709,1,25,36,,2013,2,1,1,,
710,1,19,38,,2013,2,1,1,,
711,1,25,30,,2006,6,1,1,,
712,1,25,29,,2012,2,1,1,,
713,1,24,30,,1993,6,1,1,,
714,1,25,30,,2013,6,1,1,,
715,1,25,30,,1985,6,1,1,,
716,1,25,30,,2001,6,1,1,,
717,1,30,40,,1980,3,1,1,YOK,
718,1,30,39,,1995,6,1,1,,
719,1,30,40,,1981,3,1,1,,
720,1,"46,5","33,5",,1975,6,1,1,,
721,1,36,54,,2013,5,1,1,,
722,6,30,34,,2013,2,1,1,,
723,6,30,40,,2013,2,1,1,,
724,1,31,44,,1982,6,1,1,,
725,6,30,37,,2013,2,1,1,,
726,1,"32,5","32,5",,2013,2,1,1,,
727,1,35,50,,2013,5,1,1,,
728,1,35,35,,1991,6,1,1,,
729,1,32,49,,2013,2,1,1,,
730,1,"29,5","33,5",,1982,6,1,1,YOK,
731,1,35,35,,2014,5,1,1,,
732,1,"32,5",35,,2008,6,1,1,,
733,1,35,35,,2014,5,1,1,,
734,1,35,36,,2014,5,1,1,,
735,1,35,35,,2014,5,1,1,,
736,6,35,47,,2013,2,1,1,,
737,6,30,39,,2013,2,1,1,,
738,1,35,48,,1982,3,1,1,,
739,6,30,32,,2013,3,1,1,,
740,6,31,32,,2013,,1,1,YOK,?
741,6,"32,5",43,,2013,2,1,1,,
742,6,"37,5","39,5",,2013,2,1,1,,
743,6,33,48,,2014,2,1,1,,
744,6,33,35,,2013,2,1,1,,
745,6,32,35,,2013,2,1,1,,
746,6,31,32,,2013,,1,21,YOK,
747,6,30,"32,5",,2013,2,1,1,,
748,1,30,35,,2013,2,1,1,,
749,6,"30,5",40,,2013,,1,1,YOK,?
750,6,25,45,,2014,2,1,1,,
751,9,33,43,,2014,2,1,1,,
752,1,24,49,,1980,6,1,1,,
753,1,35,50,,1989,6,1,1,,
754,1,37,50,,2013,5,1,1,,
755,1,28,48,,2013,2,1,1,,
756,1,35,"47,5",,2012,3,1,1,,
757,1,27,45,,2012,2,1,1,,
758,1,34,40,,1983,6,1,1,,
759,1,35,45,,1980,6,1,1,,?
760,1,22,43,,2008,,1,1,YOK,
761,1,22,43,,2008,2,1,1,BULANIK,
762,1,22,39,,1980,6,1,1,,
763,1,39,40,,2014,6,1,1,YOK,
764,1,"25,5","36,5",,2013,2,1,1,YOK,
765,1,"29,5",42,,2005,2,1,1,YOK,
766,1,"24,5",30,,2007,2,1,1,,
767,1,30,30,,2007,2,1,1,,
768,1,30,35,,2012,2,1,1,,
769,1,30,32,,2012,2,1,1,,
770,1,29,29,,2012,2,1,1,,
771,1,30,37,,2003,6,1,1,YOK,
772,1,29,40,,2003,6,1,1,,
773,1,35,35,,1980,6,1,1,,
774,1,23,29,,2011,2,1,1,,
775,1,25,"29,5",,2005,3,1,1,,
776,6,24,27,,2012,2,1,1,,
777,1,22,35,,1983,6,1,1,,
778,1,30,39,,2012,2,1,1,YOK,
779,6,23,"44,5",,2010,2,1,1,,
780,1,"29,5",42,,1995,2,1,1,,
781,1,35,"38,5",,2008,6,1,1,,
782,1,"33,5","42,5",,2006,,1,1,YOK,
783,1,"34,5",35,,2012,6,1,1,,
784,1,29,38,,2013,2,1,1,,
785,1,30,30,,1988,6,1,1,,
786,1,30,50,,1988,,1,1,YOK,?
787,1,"34,5","38,5",,1984,6,1,1,,
788,1,35,"47,5",,2009,6,1,1,YOK,
789,1,35,47,,2002,3,1,1,,
790,1,28,55,,1983,2,1,1,,
791,1,18,45,,2008,,1,1,,
792,6,18,39,,2013,,1,1,,
793,1,19,48,,2008,,1,1,,
794,6,"9,5","45,5",,2010,,1,1,BULANIK,
795,1,20,43,,2008,,1,1,,
796,1,16,42,,2013,,1,1,,
797,6,"17,5",47,,2013,,1,1,,
798,6,15,48,,2014,,1,1,,
799,6,"17,5",46,,2013,,1,1,,
800,6,"20,5",46,,2013,,1,1,,
801,1,12,37,,2005,,1,1,,
802,6,18,40,,2013,,1,1,,
803,9,16,40,,2013,,1,1,,
804,6,19,39,,2014,,1,1,,
805,6,23,47,,2013,,1,1,BULANIK,
806,6,20,40,,2013,,1,1,,
807,1,20,49,,2013,,1,1,,
808,1,17,43,,2013,,1,1,BULANIK,
809,1,17,48,,1998,,1,1,,
810,1,18,48,,2012,,1,1,,
811,6,23,"45,5",,2013,,1,1,,
812,9,20,47,,2014,,1,1,,
813,6,"16,5",45,,2014,,1,1,,
814,6,15,32,,2013,,1,1,,
815,6,14,"32,5",,2013,,1,1,,
816,9,25,53,,2014,,1,1,,
817,1,18,47,,2000,,1,1,,
818,6,"17,5",35,,2014,,1,1,,
819,1,17,48,,1994,,1,1,,
820,6,"21,5",44,,2010,,1,1,,
821,1,"25,5",35,,2014,,1,1,,
822,1,"27,5",35,,2014,,1,1,,
823,1,31,35,,2014,,1,1,,
824,1,28,33,,2014,,1,1,,
825,1,"23,5","34,5",,2014,,1,1,,
826,1,30,"33,5",,2014,,1,1,,
827,1,27,45,,2014,,1,1,,
828,1,28,"43,5",,2014,,1,1,,
829,1,26,38,,2014,,1,1,,
830,1,"26,5",40,,2014,,1,1,,
831,1,"29,5",42,,2014,,1,1,YOK,
832,1,30,40,,2014,,1,1,,
833,1,30,40,,2014,,1,1,,
834,1,"17,5","33,5",,2014,,1,1,YOK,
835,1,"17,5",32,,2014,,1,1,,
836,1,17,48,,2005,,1,1,,
837,1,17,48,,2000,,1,1,,
838,1,18,48,,2008,,1,1,BULANIK,
839,6,21,51,,2013,,1,1,,
840,1,17,48,,2005,,1,1,,
841,1,17,42,,2000,,1,1,,
842,1,25,42,,2013,,1,1,,
843,1,18,48,,2006,,1,1,,HASARLI
844,6,"22,5",52,,2014,,1,1,,
845,1,21,50,,2014,,1,1,,
846,1,"18,5",48,,2002,,1,1,,
847,1,20,50,,2000,,1,1,,
848,1,25,45,,2011,,1,1,,
849,1,25,46,,2014,,1,1,,
850,1,20,33,,2014,,1,1,,
851,1,19,33,,2014,,1,1,,
852,1,"21,5",39,,2014,,1,1,,
853,1,"18,5",36,,2014,,1,1,,
854,6,"25,5","38,5",,2013,,1,1,,
855,1,"23,5",49,,1982,,1,1,,
856,6,16,39,,2013,,1,1,,
857,6,"9,5",39,,2012,,1,1,,
858,6,"11,5",39,,2012,,1,1,,
859,6,"12,5","41,5",,2012,,1,1,BULANIK,
860,6,14,"34,5",,2012,,1,1,BULANIK,
861,6,14,"39,5",,2012,,1,1,,
862,6,10,33,,2012,,1,1,,
863,6,14,35,,2012,,1,1,,
864,6,12,40,,2012,,1,1,,
865,6,12,36,,2012,,1,1,,
866,6,8,46,,2012,,1,1,,
867,6,"12,5",43,,2013,,1,1,,
868,6,12,46,,2012,,1,1,,
869,6,"13,5",38,,2012,,1,1,,
870,6,"13,5","32,5",,2012,,1,1,,
871,6,10,41,,2011,,1,1,,
872,1,"8,5",38,,2014,,1,1,,
873,1,15,"30,5",,1981,,1,1,,
874,6,18,35,,2011,,1,1,,
875,6,"16,5","34,5",,2011,,1,1,,
876,6,"17,5","32,5",,2012,,1,1,,
877,1,35,55,,2005,6,1,1,,
878,1,"28,5",32,,2014,6,1,1,,
879,1,35,47,,1991,6,1,1,,
880,1,"32,5",48,,2014,3,1,1,,
881,1,17,"47,5",,2002,3,1,1,,
882,1,25,"29,5",,2006,3,1,1,,
883,1,25,30,,2006,3,1,1,,
884,1,30,55,,2013,1,1,1,,
885,1,"28,5","38,5",,1984,1,1,1,,
886,1,26,38,,1994,3,1,1,,
887,1,24,42,,1984,3,1,1,,
888,1,35,40,,2000,1,1,1,,
889,1,39,39,,2007,1,1,1,,
890,1,40,45,,1999,1,1,1,,
891,1,30,48,,1991,1,1,1,,
892,1,"32,5",38,,1988,6,1,1,,
893,1,"18,5","29,5",,1984,3,1,1,,
894,1,24,41,,1984,6,1,1,,
895,1,35,"55,5",,2010,1,1,1,,
896,1,34,44,,2012,1,1,1,,
897,1,17,"47,5",,2002,6,1,1,YOK,
898,1,17,"47,5",,2002,3,1,1,YOK,
899,1,17,"47,5",,2002,3,1,1,,
900,1,"17,5",25,,2012,,1,1,BULANIK,
901,1,17,25,,2010,,1,1,,
902,1,21,24,,2014,,1,1,,
903,1,"22,5",24,,2013,,1,1,,
904,1,21,22,,2012,,1,1,,
905,9,"18,5",25,,2013,,1,1,,
906,6,20,25,,2013,,1,1,,
907,1,17,25,,2012,,1,1,,
908,1,"17,5",25,,2010,,1,1,,
909,1,15,30,,1978,,1,1,,
910,6,21,26,,2012,,1,1,,
911,6,17,32,,2014,,1,1,,
912,6,17,30,,2013,,1,31,YOK,
913,6,23,"23,5",,2013,,1,1,,
914,6,22,"24,5",,2013,,1,1,,
915,6,15,"25,5",,2013,,1,1,BULANIK,
916,6,"19,5",25,,2014,,1,1,,
917,6,19,"28,5",,2013,,1,1,,
918,6,16,23,,2014,,1,1,,
919,6,"16,5","22,5",,2013,,1,1,,
920,6,19,22,,2013,,1,1,,
921,6,19,"19,5",,2013,,1,1,,
922,1,17,25,,2011,,1,1,,
923,6,"17,5",24,,2013,,1,1,,
924,6,18,18,,2013,,1,1,,
925,6,15,21,,2013,,1,1,,
926,6,21,"22,5",,2013,,1,1,,
927,6,"18,5",25,,2013,,1,1,,
928,9,15,28,,2013,,1,1,BULANIK,
929,6,"19,5",30,,2009,,1,1,,
930,1,20,29,,1987,,1,1,,
931,1,22,35,,2014,,1,1,,
932,1,"20,5",35,,2014,,1,1,,
933,9,30,33,,2014,,1,1,,
934,1,30,39,,2012,,1,1,,
935,1,24,35,,2012,,1,1,,
936,1,22,35,,2013,,1,1,,
937,1,24,36,,2014,,1,1,,
938,6,30,36,,2014,,1,1,,
939,1,"29,5",40,,1987,,1,1,,
940,1,22,35,,2010,,1,1,BULANIK,
941,9,22,35,,2014,,1,1,,
942,1,"33,5",45,,1981,,1,1,,
943,1,32,48,,2013,,1,1,,
944,6,"26,5","45,5",,2012,,1,1,,
945,6,30,46,,2012,,1,1,,
946,1,"33,5","37,5",,2006,,1,1,,
947,1,"33,5","50,5",,1994,,1,1,,
948,1,31,48,,1993,,1,1,BULANIK,
949,1,31,"37,5",,1994,,1,1,,
950,1,34,34,,1985,,1,1,,
951,1,"35,5",48,,1986,,1,1,,
952,1,27,"39,5",,2009,,1,1,,
953,1,35,50,,2005,,1,1,,
954,1,35,47,,2014,,1,1,,
955,1,41,56,,2014,,1,1,,
956,1,21,30,,1994,,1,1,,
957,1,33,43,,1980,,1,1,,
958,1,35,50,,2005,,1,1,,
959,1,42,50,,2014,,1,1,,
960,1,35,49,,2006,,1,1,BULANIK,
961,1,37,50,,2014,3,1,1,YOK,
962,1,35,50,,2013,,1,1,YOK,
963,1,34,47,,1990,,1,1,,İMZASI BELİRSİZ
964,1,"29,5","49,5",,2013,,1,1,,
965,1,"31,5",54,,1992,,1,1,,
966,1,"33,5",49,,1981,,1,1,,
967,1,"33,5","37,5",,1983,,1,1,,
968,1,"27,5","47,5",,1981,,1,1,YOK,
969,1,35,50,,1983,,1,1,,İMZASIZ
970,1,35,50,,1986,,1,1,,
971,1,33,"41,5",,1985,,1,1,,
972,1,"33,5",50,,1984,,1,1,,
973,1,"45,5","49,5",,1987,,1,1,,
974,1,"37,5","37,5",,1995,,1,1,,
975,1,"31,5",50,,2005,,1,21,YOK,
976,1,"34,5",50,,2005,,1,1,,
977,1,35,50,,2005,,1,1,,
978,1,35,50,,2008,,1,1,,
979,1,35,45,,2008,,1,1,,
980,1,35,50,,2008,,1,1,,
981,1,"37,5","56,5",,2001,,1,1,,
982,1,"45,5",46,,2009,,1,1,,
983,1,"45,5",46,,2008,,1,1,,
984,1,"39,5",50,,2012,,1,1,,
985,1,25,40,,1995,,1,1,,
986,1,35,40,,1993,,1,1,,
987,1,31,52,,2008,,1,1,,
988,1,34,45,,1993,,1,1,,
989,6,28,54,,2011,,1,1,,
990,6,"27,5",50,,2011,,1,1,,
991,1,27,"49,5",,2012,,1,1,,
992,6,28,43,,2010,,1,1,,
993,1,29,"41,5",,2012,,1,1,,
994,1,"36,5",47,,2008,,1,1,,
995,1,"35,5",48,,2008,,1,1,,
996,1,30,33,,1992,,1,1,,
997,1,35,40,,1993,,1,1,,
998,1,35,"38,5",,1994,,1,1,,
999,1,35,"38,5",,2003,,1,1,,
1000,1,35,47,,2014,,1,1,,
1001,1,33,"39,5",,1983,,1,1,,
1002,1,31,35,,1994,,1,1,,
1003,1,"36,5","36,5",,2003,,1,1,,
1004,1,34,38,,2014,,1,1,,
1005,1,30,31,,1981,,1,1,YOK,
1006,1,"34,5",51,,1985,,1,1,,
1007,1,25,35,,2014,,1,1,YOK,
1008,10,23,"29,5",,2014,9,1,1,YOK,
1009,10,19,29,,2015,9,1,1,YOK,
1010,10,24,24,,2014,9,1,1,YOK,
1011,12,25,35,,1967,,1,1,YOK,
1012,10,25,40,,2014,9,1,1,YOK,
1013,10,21,32,,2014,9,1,1,YOK,
1014,10,13,"45,5",,2014,9,1,1,YOK,
1015,10,"22,5",42,,2014,9,1,1,YOK,
1016,10,18,25,,2014,9,1,1,YOK,
1017,10,24,"24,5",,2014,9,1,1,YOK,
1018,10,"12,5","31,5",,2014,9,1,1,YOK,
1019,10,"22,5",36,,2014,9,1,1,YOK,
1020,10,"14,5","47,5",,2014,9,1,1,YOK,
1021,10,24,38,,2014,9,1,1,YOK,
1022,10,"22,5",35,,2014,9,1,1,YOK,
1023,10,"15,5",38,,2014,9,1,1,YOK,
1024,10,"18,5",28,,2014,9,1,1,YOK,
1025,10,12,"27,5",,2014,9,1,1,YOK,
1026,10,27,31,,2014,9,1,1,YOK,
1027,10,"25,5","28,5",,2014,9,1,1,YOK,
1028,10,"23,5","31,5",,2015,9,1,1,YOK,
1029,10,17,37,,2014,9,1,1,YOK,
1030,10,29,39,,2014,9,1,1,YOK,
1031,10,"21,5","30,5",,2014,9,1,1,YOK,
1032,10,16,23,,2014,9,1,1,YOK,
1033,10,"17,5","22,5",,2014,9,1,1,YOK,
1034,10,"16,5",46,,2015,9,1,1,YOK,
1035,10,"23,5","33,5",,2014,9,1,1,YOK,
1036,10,"18,5","23,5",,2014,9,1,1,YOK,
1037,10,25,35,,2014,9,1,1,YOK,
1038,10,"22,5",31,,2014,9,1,1,YOK,
1039,10,25,25,,2014,9,1,1,YOK,
1040,10,"23,5",33,,2014,9,1,1,YOK,
1041,10,"24,5","34,5",,2014,9,1,1,YOK,
1042,10,19,28,,2014,9,1,1,YOK,
1043,10,24,24,,2014,9,1,1,YOK,
1044,10,14,"28,5",,2014,9,1,1,YOK,
1045,10,"25,5","40,5",,2015,9,1,1,YOK,
1046,10,"22,5",36,,2015,9,1,1,YOK,
1047,10,25,31,,2015,9,1,1,YOK,
1048,10,"23,5","30,5",,2015,9,1,1,YOK,
1049,10,26,37,,2015,9,1,1,YOK,
1050,10,16,20,,2015,9,1,1,YOK,
1051,10,"18,5","32,5",,2014,9,1,1,YOK,
1052,10,"22,5",27,,2014,9,1,1,YOK,
1053,10,24,24,,2014,9,1,1,YOK,
1054,10,"22,5","27,5",,2014,9,1,1,YOK,
1055,10,"24,5","30,5",,2014,9,1,1,YOK,
1056,10,25,"28,5",,2014,9,1,1,YOK,
1057,10,"27,5",33,,2014,9,1,1,YOK,
1058,10,23,34,,2014,9,1,1,YOK,
1059,10,"24,5",28,,2014,9,1,1,YOK,
1060,10,21,42,,2014,9,1,1,YOK,
1061,10,24,24,,2014,9,1,1,YOK,
1062,10,21,35,,2014,9,1,1,YOK,
1063,10,24,31,,2015,9,1,1,YOK,
1064,10,23,42,,2014,9,1,1,YOK,
1065,10,26,"38,5",,2015,9,1,1,YOK,
1066,9,29,34,,2015,,1,1,YOK,
1067,10,"17,5","47,5",,2015,9,1,1,YOK,
1068,10,"26,5","33,5",,2015,9,1,1,YOK,
1069,10,28,"29,5",,2015,9,1,1,YOK,
1070,10,23,30,,2015,9,1,1,YOK,
1071,10,22,39,,2015,9,1,1,YOK,
1072,10,"18,5","23,5",,2015,9,1,1,YOK,
1073,10,"25,5",31,,2015,9,1,1,YOK,
1074,10,23,"33,5",,2015,9,1,1,YOK,
1075,10,23,34,,2015,9,1,1,YOK,
1076,10,23,"47,5",,2015,9,1,1,YOK,
1077,10,"25,5","25,5",,2015,9,1,1,YOK,
1078,10,19,35,,2015,9,1,1,YOK,
1079,10,25,"30,5",,2015,9,1,1,YOK,
1080,10,"21,5","29,5",,2015,9,1,1,YOK,
1081,10,23,"33,5",,2015,9,1,1,YOK,
1082,10,"25,5","32,5",,2015,9,1,1,YOK,
1083,10,"23,5",36,,2015,9,1,1,YOK,
1084,10,29,"39,5",,2015,9,1,1,YOK,
1085,10,"14,5","28,5",,2015,9,1,1,YOK,
1086,10,27,4,,2015,9,1,1,YOK,
1087,10,22,"52,5",,2015,9,1,1,YOK,
1088,10,32,32,,2015,9,1,1,YOK,
1089,10,"22,5","26,5",,2015,9,1,1,YOK,
1090,10,24,30,,2015,9,1,1,YOK,
1091,10,18,23,,2015,9,1,1,YOK,
1092,1,"29,5",42,,2010,2,1,1,,
1093,1,"24,5",36,,2015,2,1,1,,
1094,1,28,"29,5",,2015,4,1,1,,
1095,1,20,50,,2015,4,1,1,,
1096,1,31,"41,5",,2014,3,1,1,,
1097,1,35,48,,1986,6,1,1,,
1098,1,21,"45,5",,2015,4,1,1,,
1099,1,22,35,,2015,6,1,1,,
1100,1,74,80,,1990,1,1,1,YOK,
1101,1,80,80,,1990,1,1,1,YOK,
1102,1,71,71,,1975,1,1,1,YOK,
1103,1,80,81,,1990,1,1,1,YOK,
1104,1,74,89,,1990,1,1,1,YOK,
1105,1,"70,5","100,5",,1991,1,1,1,YOK,
1106,1,"70,5",101,,1991,1,1,1,YOK,
1107,1,80,90,,1992,1,1,1,YOK,
1108,1,"70,5",101,,1991,1,1,1,YOK,
1109,1,79,89,,1991,1,1,1,YOK,
1110,1,"70,5","100,5",,1991,1,1,1,YOK,
1111,1,80,90,,1991,1,1,1,YOK,
1112,1,70,112,,1990,1,1,1,YOK,
1113,1,79,89,,1991,1,1,1,YOK,
1114,1,79,80,,1990,1,1,1,YOK,
1115,1,"69,5","100,5",,1991,1,1,1,YOK,
1116,1,"70,5","100,5",,1991,1,1,1,YOK,
1117,1,73,92,,1988,1,1,1,YOK,
1118,1,74,90,,1990,1,1,1,YOK,
1119,1,74,74,,1990,1,1,1,YOK,
1120,1,70,100,,1991,1,1,1,YOK,
1121,1,"70,5",101,,1991,1,1,1,YOK,
1122,1,"70,5","100,5",,1991,1,1,1,YOK,
1123,1,70,100,,1991,1,1,1,YOK,
1124,1,70,100,,1991,1,1,1,YOK,
1125,1,59,90,,1989,1,1,1,YOK,
1126,1,55,80,,1992,1,1,1,YOK,
1127,1,55,75,,2008,1,1,1,YOK,
1128,1,45,90,,2008,1,1,1,YOK,
1129,1,60,70,,1995,1,1,1,YOK,
1130,1,60,70,,1988,1,1,1,YOK,
1131,1,40,60,,2007,1,1,1,,
1132,1,36,51,,1984,1,1,1,,
1133,1,40,60,,1988,1,1,1,,
1134,1,38,50,,1976,1,1,1,,
1135,1,38,38,,1986,1,1,1,,
1136,1,37,37,,1985,1,1,1,,
1137,1,35,50,,1992,1,1,1,,
1138,1,38,38,,1988,1,1,1,,
1139,1,37,38,,1989,1,1,1,,
1140,1,30,42,,1991,1,1,1,,
1141,1,40,70,,2012,1,1,1,,
1142,1,40,60,,2010,1,1,1,,
1143,1,20,40,,1993,6,1,1,,
1144,1,38,38,,1985,1,1,1,,
1145,1,24,35,,1993,6,1,1,,
1146,1,40,"49,5",,1977,6,1,1,,
1147,1,45,55,,2009,1,1,1,,
1148,1,"37,5","37,5",,2012,1,1,1,,
1149,1,25,25,,1993,6,1,1,,
1150,1,40,50,,1977,6,1,1,,
1151,1,"37,5","37,5",,1980,1,1,1,,
1152,1,35,"42,5",,1981,1,1,1,,
1153,1,"31,5",40,,1982,1,1,1,,
1154,1,41,45,,1982,6,1,1,,
1155,1,"37,5","37,5",,1981,1,1,1,,
1156,1,32,40,,1985,6,1,1,,
1157,1,37,37,,1985,1,1,1,,
1158,1,35,35,,1988,1,1,1,,
1159,1,35,35,,1984,1,1,1,,
1160,1,37,37,,1985,1,1,1,,
1161,1,35,40,,2012,1,1,1,,
1162,1,36,36,,1985,1,1,1,,
1163,1,35,35,,1988,1,1,1,,
1164,1,18,25,,1993,6,1,1,,
1165,1,28,40,,1988,3,1,1,,
1166,1,24,"31,5",,1991,6,1,1,PARLAK,
1167,1,"40,5",41,,1994,1,1,1,,
1168,1,29,40,,1985,1,1,1,,
1169,1,34,36,,1988,1,1,1,,
1170,1,34,43,,1988,1,1,1,,
1171,1,21,27,,2010,3,1,1,,
1172,1,30,35,,1996,1,1,1,PARLAK,
1173,1,35,35,,1988,1,1,1,,
1174,1,30,50,,1994,6,1,1,,
1175,1,35,"45,5",,1988,6,1,1,,
1176,1,22,35,,1993,6,1,1,KİRLİ,KİRLİ
1177,1,37,37,,1988,1,1,1,,
1178,1,37,37,,1986,1,1,1,,
1179,1,"14,5",30,,1994,6,1,1,,
1180,1,"23,5",26,,1984,6,1,1,,
1181,1,34,41,,1985,6,1,1,,
1182,1,30,40,,1982,6,1,1,,
1183,1,22,32,,1993,6,1,1,,
1184,1,"29,5",40,,2009,1,1,1,,
1185,1,30,40,,1983,6,1,1,,
1186,1,34,42,,1988,1,1,1,,
1187,1,35,45,,2010,1,1,1,,
1188,1,"34,5",45,,1977,1,1,1,,
1189,1,37,37,,1988,1,1,1,,
1190,1,37,42,,1984,6,1,1,,
1191,1,32,39,,1986,1,1,1,,
1192,1,30,40,,2009,1,1,1,,
1193,1,38,38,,1986,1,1,1,,
1194,1,30,40,,2013,1,1,1,,
1195,1,30,45,,1992,1,1,1,,
1196,1,38,38,,1994,6,1,1,,
1197,1,38,38,,1988,1,1,1,,
1198,1,30,40,,2009,1,1,1,,
1199,1,35,45,,2010,1,1,1,,
1200,1,35,50,,2010,1,1,1,,
1201,1,80,"89,5",,1992,1,1,1,YOK,
1202,1,70,100,,1991,1,1,1,YOK,
1203,1,70,100,,1990,1,1,1,YOK,
1204,1,70,100,,1991,1,1,1,YOK,
1205,1,70,100,,1991,1,1,1,YOK,
1206,1,64,94,,1978,1,1,1,YOK,
1207,1,80,80,,1994,1,1,1,YOK,
1208,1,80,80,,1995,1,1,1,YOK,
1209,1,80,80,,1993,1,1,1,YOK,
1210,1,80,80,,1993,1,1,1,YOK,
1211,1,80,80,,1995,1,1,1,YOK,
1212,1,80,80,,1990,1,1,1,YOK,
1213,1,76,76,,1991,1,1,1,YOK,
1214,1,75,75,,1995,1,1,1,YOK,
1215,1,76,76,,1995,1,1,1,YOK,
1216,1,75,75,,1992,1,1,1,YOK,
1217,1,71,71,,1992,1,1,1,YOK,
1218,1,65,75,,1991,1,1,1,YOK,
1219,1,60,84,,1990,1,1,1,YOK,
1220,1,60,81,,1989,1,1,1,YOK,
1221,1,54,75,,1993,6,1,1,YOK,
1222,1,57,76,,1992,1,1,1,YOK,
1223,1,55,80,,1991,1,1,1,YOK,
1224,1,60,80,,1976,1,1,1,YOK,
1225,1,56,75,,1993,6,1,1,YOK,
1226,1,80,80,,1982,1,1,1,YOK,
1227,1,80,80,,1993,1,1,1,YOK,
1228,1,71,80,,2006,1,1,1,YOK,
1229,1,70,80,,1976,1,1,1,YOK,
1230,1,71,71,,1994,1,1,1,YOK,
1231,1,71,71,,1993,1,1,1,YOK,
1232,,70,70,,,,1,1,YOK,
1233,1,70,90,,1986,1,1,1,YOK,
1234,1,68,69,,1994,1,1,1,YOK,
1235,1,59,70,,1979,1,1,1,YOK,
1236,1,70,70,,1976,1,1,1,YOK,
1237,1,60,70,,1988,1,1,1,YOK,
1238,1,60,60,,1976,1,1,1,YOK,
1239,1,56,80,,1989,1,1,1,YOK,
1240,1,57,75,,2000,1,1,1,YOK,
1241,1,56,74,,1983,1,1,1,YOK,
1242,1,50,70,,1980,1,1,1,YOK,
1243,1,59,70,,1989,1,1,1,YOK,
1244,1,59,59,,1977,1,1,1,YOK,
1245,1,50,58,,1977,6,1,1,YOK,
1246,1,50,59,,1975,1,1,1,YOK,
1247,1,50,50,,1976,6,1,1,YOK,
1248,1,50,70,,1978,1,1,1,YOK,
1249,1,50,70,,1974,1,1,1,YOK,
1250,1,50,70,,1970,1,1,1,YOK,
1251,1,49,70,,2010,,1,1,YOK,
1252,,,,,,,1,21,YOK,
1253,1,"48,5",69,,2010,1,1,1,YOK,
1254,1,50,70,,2010,1,1,1,YOK,
1255,1,50,70,,2005,1,1,1,YOK,
1256,1,,,,,,1,18,YOK,
1257,1,,,,,,1,5,YOK,
1258,1,49,70,,2010,1,1,1,YOK,
1259,1,49,69,,2010,1,1,1,YOK,
1260,1,"49,5",69,,2010,1,1,1,YOK,
1261,1,49,69,,2010,1,1,1,YOK,
1262,1,"49,5",70,,2010,1,1,1,YOK,
1263,1,"49,5","69,5",,2010,1,1,1,YOK,
1264,1,50,70,,2010,1,1,1,YOK,
1265,1,51,"73,5",,1978,1,1,1,YOK,
1266,1,50,70,,2008,1,1,1,YOK,
1267,1,50,70,,2008,1,1,1,YOK,
1268,1,50,70,,2009,1,1,1,YOK,
1269,1,50,70,,2010,1,1,1,YOK,
1270,1,50,70,,2009,1,1,1,YOK,
1271,1,50,70,,2009,1,1,1,YOK,
1272,1,50,70,,2008,1,1,1,YOK,
1273,1,50,70,,2008,1,1,1,YOK,
1274,1,50,70,,2008,1,1,1,YOK,
1275,1,50,70,,2009,1,1,1,YOK,
1276,1,50,70,,2009,1,1,1,YOK,
1277,1,50,70,,2009,1,1,1,YOK,
1278,,50,70,,,,1,1,YOK,
1279,1,50,70,,2008,1,1,1,YOK,
1280,1,39,79,,2012,8,1,1,,
1281,1,46,69,,2013,8,1,1,,
1282,1,59,79,,2013,8,1,1,,
1283,1,49,69,,2013,8,1,1,,
1284,1,50,59,,2013,8,1,1,,
1285,1,49,69,,2013,8,1,1,YOK,
1286,1,70,72,,2013,8,1,1,,
1287,1,60,60,,2010,8,1,1,,
1288,1,60,68,,2013,8,1,1,,
1289,1,45,79,,2008,8,1,1,,
1290,1,58,78,,2008,8,1,1,,
1291,1,58,79,,2008,8,1,1,,
1292,1,60,65,,2010,1,1,1,YOK,
1293,,60,80,,,,1,1,YOK,
1294,1,50,85,,2008,1,1,1,YOK,
1295,,60,85,,,,1,1,YOK,
1296,,75,80,,,,1,1,YOK,
1297,1,70,100,,1991,1,1,1,YOK,
1298,1,50,90,,2008,1,1,1,YOK,
1299,1,45,66,,2008,1,1,1,YOK,
1300,9,"49,5","69,5",,2010,1,1,1,YOK,
1301,1,50,70,,2008,8,1,1,BULANIK,
1302,1,50,70,,2008,8,1,1,,
1303,1,50,70,,2008,8,1,1,,
1304,1,50,70,,2008,8,1,1,,
1305,1,50,70,,2008,8,1,1,YOK,
1306,1,50,70,,2008,8,1,1,YOK,
1307,1,50,70,,2008,8,1,1,BULANIK,
1308,1,50,70,,2008,8,1,1,YOK,
1309,1,50,70,,2008,8,1,1,,
1310,1,50,70,,2009,8,1,1,BULANIK,
1311,1,50,70,,2009,8,1,1,,
1312,1,70,50,,2009,8,1,1,,
1313,,,,,,,,,BOŞ,
1314,1,50,70,,2009,8,1,1,,
1315,1,50,70,,2008,8,1,1,,
1316,1,50,70,,2008,8,1,1,BULANIK,
1317,1,50,70,,2008,8,1,1,,
1318,1,50,70,,2008,8,1,1,,
1319,1,50,70,,2008,8,1,1,BULANIK,
1320,1,50,70,,2008,8,1,1,,
1321,1,50,70,,2008,8,1,1,,
1322,1,50,70,,2008,8,1,1,,
1323,1,50,70,,2008,8,1,1,YOK,
1324,1,50,70,,2008,8,1,1,,
1325,1,50,70,,2009,8,1,1,BULANIK,
1326,1,50,70,,2008,8,1,1,,
1327,1,50,70,,2008,8,1,1,YOK,
1328,1,50,70,,2008,8,1,1,BULANIK,
1329,,,,,,,,,BOŞ,
1330,1,50,70,,2008,8,1,,BULANIK,
1331,1,50,70,,2008,8,1,1,,
1332,1,50,70,,2009,8,1,1,,
1333,1,50,70,,2009,8,1,1,,
1334,1,50,70,,2009,8,1,1,YOK,
1335,1,50,70,,2009,8,1,1,BULANIK,
1336,1,50,70,,2009,8,1,1,,
1337,1,50,70,,2009,8,1,1,BULANIK,
1338,1,50,70,,2012,8,1,1,YOK,
1339,1,50,70,,2012,8,1,1,,
1340,1,50,70,,2012,8,1,1,,
1341,1,50,70,,2012,8,1,1,,
1342,1,50,70,,2012,8,1,1,,
1343,1,50,70,,2012,8,1,1,YOK,
1344,1,50,70,,2012,8,1,1,YOK,
1345,1,50,70,,2012,8,1,1,,
1346,1,50,70,,2012,8,1,1,BULANIK,
1347,1,50,70,,2012,8,1,1,,
1348,1,50,70,,2012,8,1,1,,
1349,9,50,70,,2012,8,1,1,YOK,
1350,1,50,70,,2012,8,1,1,YOK,
1351,1,50,70,,2012,8,1,1,,
1352,1,50,70,,2012,8,1,1,BULANIK,
1353,1,70,50,,2012,8,1,1,BULANIK,
1354,1,50,70,,2008,8,1,1,YOK,
1355,1,50,70,,2008,8,1,1,,
1356,1,50,70,,2008,8,1,1,,
1357,1,50,70,,2009,8,1,1,YOK,
1358,9,50,70,,2012,8,1,1,YOK,
1359,1,50,70,,2012,8,1,1,YOK,
1360,1,40,50,,2010,1,1,1,,
1361,1,40,50,,2010,1,1,1,,
1362,1,40,50,,2010,1,1,1,YOK,
1363,1,25,35,,2013,1,1,1,,
1364,1,25,42,,2015,1,1,1,,
1365,1,30,30,,1992,1,1,1,,
1366,7,24,26,,1985,10,1,1,,
1367,1,34,47,,1987,6,1,1,,
1368,1,25,50,,2010,1,1,1,,
1369,1,"37,5","37,5",,1984,1,1,1,,
1370,1,25,35,,1983,1,1,1,,
1371,1,26,35,,1984,6,1,1,,
1372,1,"49,5","69,5",,1972,1,1,1,YOK,
1373,1,50,70,,2015,1,1,1,YOK,
1374,1,60,70,,2008,1,1,1,YOK,
1375,1,50,75,,2011,1,1,1,YOK,
1376,1,50,75,,2012,1,1,1,YOK,
1377,1,50,70,,2010,1,1,1,YOK,
1378,1,43,63,,1989,1,1,1,YOK,
1379,1,41,65,,2015,1,1,1,YOK,
1380,1,40,60,,2012,1,1,1,YOK,
1381,1,40,60,,2010,1,1,1,YOK,
1382,1,40,60,,2010,1,1,1,YOK,
1383,1,40,60,,2010,1,1,1,YOK,
1384,1,40,60,,2010,1,1,1,YOK,
1385,1,40,60,,1988,1,1,1,YOK,
1386,1,49,60,,1985,1,1,1,YOK,
1387,1,50,60,,2010,1,1,1,YOK,
1388,1,39,39,,1994,1,1,1,YOK,
1389,9,40,60,,2008,1,1,1,YOK,
1390,1,42,58,,1992,1,1,1,YOK,
1391,1,40,60,,2008,1,1,1,YOK,
1392,1,52,63,,2015,1,1,1,YOK,
1393,1,50,70,,2014,1,1,1,YOK,
1394,1,50,50,,2015,1,1,1,YOK,
1395,1,"51,5","62,5",,2015,1,1,1,YOK,
1396,1,37,50,,2014,1,1,1,YOK,
1397,1,44,"59,5",,2014,1,1,1,YOK,
1398,1,35,"55,5",,2014,1,1,1,YOK,
1399,1,45,65,,2014,1,1,1,YOK,
1400,1,50,70,,1994,1,1,1,YOK,
1401,1,60,70,,2012,1,1,1,YOK,
1402,1,50,75,,2014,1,1,1,YOK,
1403,6,75,75,,2014,1,1,1,,
1404,1,50,70,,2009,8,1,1,,
1405,1,55,85,,2015,1,1,1,YOK,
1406,1,60,85,,2013,1,1,1,,
1407,1,60,85,,2013,1,1,1,YOK,
1408,1,60,85,,2013,1,1,1,YOK,
1409,1,75,75,,2014,1,1,1,YOK,
1410,1,35,55,,2015,1,1,1,YOK,
1411,1,55,60,,2014,1,1,1,YOK,
1412,1,51,51,,1992,1,1,1,YOK,
1413,1,45,45,,2015,1,1,1,YOK,
1414,1,45,45,,2015,1,1,1,YOK,
1415,1,45,45,,2015,1,1,1,YOK,
1416,1,65,75,,2010,1,1,1,YOK,
1417,1,60,80,,2010,1,1,1,YOK,
1418,1,57,60,,1993,6,1,1,YOK,
1419,1,27,37,,1993,6,1,1,YOK,
1420,1,32,"35,5",,1994,6,1,1,YOK,
1421,1,34,64,,1994,6,1,1,YOK,
1422,1,"38,5",65,,2008,2,1,1,YOK,
1423,1,45,53,,2014,6,1,1,YOK,
1424,1,49,59,,1993,6,1,1,YOK,
1425,1,51,62,,1982,6,1,1,YOK,
1426,1,50,60,,2008,8,1,1,,
1427,1,50,60,,2011,8,1,1,,
1428,1,50,60,,2009,8,1,1,,
1429,1,50,60,,,8,1,1,,
1430,1,50,60,,2009,8,1,1,,
1431,1,50,60,,2011,8,1,1,,
1432,1,50,60,,2010,8,1,1,YOK,
1433,1,50,60,,2012,8,1,1,YOK,
1434,1,50,60,,2008,8,1,1,,
1435,9,50,60,,2012,8,1,1,,
1436,,50,60,,,,1,12,YOK,
1437,1,50,60,,2012,8,1,1,BULANIK,
1438,1,50,60,,2012,8,1,1,YOK,
1439,9,50,60,,2012,8,1,1,YOK,
1440,1,50,60,,2012,8,1,1,,
1441,,,,,,,1,12,YOK,
1442,1,50,60,,2012,8,1,1,,
1443,1,50,60,,2009,8,1,1,BULANIK,
1444,1,50,60,,2009,8,1,1,BULANIK,
1445,,,,,,,1,12,YOK,
1446,1,50,60,,2009,8,1,1,BULANIK,
1447,1,50,60,,2009,8,1,1,,
1448,1,50,60,,2009,8,1,1,BULANIK,
1449,1,50,60,,2009,8,1,1,,
1450,1,50,60,,2008,8,1,1,YOK,
1451,1,50,60,,2008,8,1,1,,
1452,1,50,60,,2008,8,1,1,,
1453,1,50,60,,2008,8,1,1,,
1454,1,50,60,,2008,8,1,1,,
1455,1,50,60,,2012,8,1,1,,
1456,1,50,60,,2011,8,1,1,,
1457,1,50,60,,2012,8,1,1,BULANIK,
1458,1,50,60,,2010,8,1,1,,
1459,1,50,60,,2010,8,1,1,BULANIK,
1460,1,50,60,,2010,8,1,1,BULANIK,
1461,1,50,60,,2010,8,1,1,BULANIK,
1462,1,50,60,,2010,8,1,1,BULANIK,
1463,1,50,60,,2010,8,1,1,BULANIK,
1464,1,50,60,,2010,8,1,1,,
1465,1,50,60,,2010,8,1,1,BULANIK,
1466,1,50,60,,2010,8,1,1,,
1467,1,50,70,,2010,8,1,1,,
1468,1,50,70,,2010,8,1,1,,
1469,1,50,70,,2010,8,1,1,,
1470,1,50,70,,2010,8,1,1,,
1471,1,50,70,,2011,8,1,1,,
1472,1,50,70,,2011,8,1,1,BULANIK,
1473,1,50,70,,2011,8,1,1,BULANIK,
1474,1,50,70,,2011,8,1,1,YOK,
1475,1,50,70,,2011,8,1,1,,
1476,1,50,70,,2011,8,1,1,BULANIK,
1477,1,50,70,,2010,8,1,1,,
1478,1,50,70,,2010,8,1,1,YOK,
1479,1,50,70,,2010,8,1,1,,
1480,1,50,70,,2010,8,1,1,BULANIK,
1481,1,50,70,,2010,8,1,1,BULANIK,
1482,1,50,70,,2010,8,1,1,BULANIK,
1483,1,50,70,,2010,8,1,1,,
1484,1,50,70,,2010,8,1,1,BULANIK,
1485,1,50,70,,2010,8,1,1,YOK,
1486,1,50,70,,2010,8,1,1,BULANIK,
1487,1,50,70,,2010,8,1,1,YOK,
1488,1,50,70,,2010,8,1,1,,
1489,1,50,70,,1978,6,1,1,YOK,
1490,1,50,70,,1993,6,1,1,YOK,
1491,1,48,68,,1992,3,1,1,YOK,
1492,1,47,70,,1993,6,1,1,YOK,
1493,1,50,"59,5",,1994,5,1,1,YOK,
1494,1,37,98,,2013,6,1,1,YOK,
1495,1,"28,5",105,,2013,6,1,1,YOK,
1496,1,35,35,,1993,6,1,1,YOK,
1497,1,"49,5",53,,2013,6,1,1,YOK,
1498,1,"45,5",51,,2015,6,1,1,YOK,
1499,1,50,70,,2010,8,1,1,YOK,
1500,1,50,70,,2009,8,1,1,,
1501,1,50,70,,2010,8,1,1,YOK,
1502,1,50,70,,2010,8,1,1,,
1503,1,50,70,,2010,8,1,1,,
1504,1,50,70,,,8,1,1,YOK,
1505,1,50,70,,2010,8,1,1,BULANIK,
1506,1,50,70,,2010,8,1,1,,
1507,1,50,70,,2010,8,1,1,,
1508,1,50,70,,2010,8,1,1,,
1509,1,50,70,,2010,8,1,1,,
1510,1,50,70,,2010,8,1,1,BULANIK,
1511,1,50,70,,2010,8,1,1,,
1512,1,50,70,,2010,8,1,1,YOK,
1513,1,50,70,,2010,8,1,1,,
1514,,50,70,,,,1,12,YOK,
1515,1,"48,5",50,,1991,6,1,1,YOK,
1516,1,50,70,,2010,8,1,1,BULANIK,
1517,1,50,70,,2010,8,1,1,BULANIK,
1518,1,50,70,,2010,8,1,1,,
1519,1,50,70,,2010,8,1,1,,
1520,1,50,70,,2010,8,1,1,BULANIK,
1521,1,50,70,,2010,8,1,1,,
1522,,50,70,,,,1,12,YOK,
1523,1,50,70,,2010,8,1,1,YOK,
1524,1,50,70,,2010,8,1,1,YOK,
1525,1,50,70,,2011,8,1,1,,
1526,1,50,70,,,8,1,1,,
1527,1,50,70,,2010,8,1,1,YOK,
1528,1,50,70,,2010,8,1,1,YOK,
1529,1,50,70,,2010,8,1,1,,
1530,1,50,70,,2010,8,1,1,BULANIK,
1531,1,50,70,,2010,8,1,1,,
1532,1,50,70,,2010,8,1,1,,
1533,9,50,70,,2010,8,1,1,,
1534,1,50,70,,2010,8,1,1,,
1535,1,50,70,,2010,8,1,1,,
1536,1,50,70,,2010,8,1,1,,
1537,9,50,70,,2010,8,1,1,BULANIK,
1538,1,50,70,,2010,8,1,1,,
1539,1,50,70,,2010,8,1,1,YOK,
1540,1,50,70,,2010,8,1,1,YOK,
1541,1,50,70,,2010,8,1,1,YOK,
1542,1,50,70,,2010,8,1,1,,
1543,1,50,70,,2010,8,1,1,YOK,
1544,,50,70,,,,1,1,,
1545,1,50,70,,2010,8,1,1,,
1546,,"47,5",65,,,,1,1,YOK,
1547,1,50,"69,5",,1978,1,1,1,YOK,
1548,1,"49,5",70,,1992,1,1,1,YOK,
1549,1,"49,5",70,,1980,1,1,1,YOK,
1550,1,"49,5",70,,1976,1,1,1,YOK,
1551,1,"49,5",70,,1973,1,1,1,YOK,
1552,1,"49,5",70,,1974,1,1,1,YOK,
1553,1,50,"69,5",,1978,1,1,1,YOK,
1554,1,50,70,,1982,1,1,1,YOK,
1555,1,50,70,,1980,1,1,1,YOK,
1556,1,50,70,,1977,1,1,1,YOK,
1557,1,"49,5",70,,1977,1,1,1,YOK,
1558,1,50,71,,1974,1,1,1,YOK,
1559,1,50,"69,5",,1978,1,1,1,YOK,
1560,1,50,70,,1977,1,1,1,YOK,
1561,1,"49,5",70,,1974,1,1,1,YOK,
1562,1,"49,5","68,5",,1976,1,1,1,YOK,
1563,1,"49,5",70,,1976,1,1,1,YOK,
1564,1,"49,5",70,,1982,1,1,1,YOK,
1565,1,50,70,,1976,1,1,1,YOK,
1566,,"49,5",70,,,,1,1,YOK,
1567,1,"49,5",70,,1975,1,1,1,YOK,
1568,1,"49,5",70,,1973,1,1,1,YOK,
1569,1,49,70,,1974,1,1,1,YOK,
1570,1,50,71,,1977,1,1,1,YOK,
1571,,50,70,,,,1,1,YOK,
1572,1,50,71,,1978,1,1,1,YOK,
1573,1,50,70,,1979,1,1,1,YOK,
1574,1,"48,5",68,,2009,1,1,1,YOK,
1575,1,50,70,,1984,1,1,1,YOK,
1576,1,49,70,,1981,1,1,1,YOK,
1577,1,50,71,,1987,1,1,1,YOK,
1578,1,50,70,,1985,1,1,1,YOK,
1579,,50,74,,,,1,1,YOK,
1580,1,"50,5","70,5",,,6,1,1,YOK,
1581,1,75,101,,1976,1,1,1,YOK,
1582,1,73,100,,1975,1,1,1,YOK,
1583,1,70,100,,1978,1,1,1,YOK,
1584,,70,100,,,,1,1,YOK,
1585,1,70,100,,1976,1,1,1,YOK,
1586,1,70,100,,1976,1,1,1,YOK,
1587,1,69,100,,1973,1,1,1,YOK,
1588,1,69,100,,1978,1,1,1,YOK,
1589,1,"70,5",90,,1973,1,1,1,YOK,
1590,1,70,90,,1975,1,1,1,YOK,
1591,,59,90,,,,1,1,YOK,
1592,1,"64,5",85,,1978,1,1,1,YOK,
1593,1,62,88,,1978,1,1,1,YOK,
1594,1,59,85,,1978,1,1,1,YOK,
1595,1,65,85,,1978,1,1,1,YOK,
1596,1,58,83,,1977,1,1,1,YOK,
1597,1,55,85,,1972,1,1,1,YOK,
1598,1,58,82,,1975,1,1,1,YOK,
1599,1,60,80,,1977,1,1,1,YOK,
1600,1,60,80,,1978,1,1,1,YOK,
1601,1,60,80,,1971,1,1,1,YOK,
1602,1,60,80,,1975,1,1,1,YOK,
1603,1,60,80,,1974,1,1,1,YOK,
1604,1,60,80,,1976,1,1,1,YOK,
1605,,60,80,,,,1,1,YOK,
1606,1,60,80,,1978,1,1,1,YOK,
1607,,50,80,,,,1,1,YOK,
1608,1,51,78,,1978,1,1,1,YOK,
1609,1,52,75,,1975,1,1,1,YOK,
1610,1,49,70,,1974,1,1,1,YOK,
1611,,49,70,,,,1,1,YOK,
1612,1,42,65,,1977,1,1,1,YOK,
1613,,41,70,,,6,1,1,YOK,
1614,1,50,52,,1984,6,1,1,YOK,
1615,1,51,51,,1975,1,1,1,YOK,
1616,1,49,60,,1979,1,1,1,YOK,
1617,,50,61,,,6,1,1,YOK,
1618,1,41,61,,1978,1,1,1,YOK,
1619,1,45,55,,1976,1,1,1,YOK,
1620,1,40,60,,1977,1,1,1,YOK,
1621,1,"39,5",58,,1979,1,1,1,YOK,
1622,1,50,50,,1978,1,1,1,YOK,
1623,1,45,60,,1982,1,1,1,YOK,
1624,1,49,59,,1978,1,1,1,YOK,
1625,1,34,48,,1992,1,1,1,YOK,
1626,1,40,60,,1976,1,1,1,YOK,
1627,1,35,50,,1985,6,1,1,YOK,
1628,1,50,50,,1975,6,1,1,YOK,
1629,1,50,50,,1976,6,1,1,YOK,
1630,1,49,49,,1975,6,1,1,YOK,
1631,1,40,60,,1978,1,1,1,YOK,
1632,1,40,60,,1972,1,1,1,YOK,
1633,1,40,60,,1978,1,1,1,YOK,
1634,1,40,60,,1982,1,1,1,YOK,
1635,1,"49,5","59,5",,1981,1,1,1,YOK,
1636,1,40,60,,1982,1,1,1,YOK,
1637,1,"44,5","61,5",,1991,1,1,1,YOK,
1638,1,30,50,,1993,6,1,1,YOK,
1639,1,44,61,,1982,6,1,1,YOK,
1640,1,44,62,,1991,1,1,1,YOK,
1641,1,61,61,,1993,1,1,1,YOK,
1642,1,"58,5",64,,1994,1,1,1,YOK,
1643,1,50,69,,1994,1,1,1,YOK,
1644,1,50,70,,1995,1,1,1,YOK,
1645,,50,70,,,,1,1,YOK,
1646,,50,70,,,,1,1,YOK,
1647,1,60,75,,1991,1,1,1,YOK,
1648,1,57,68,,1988,1,1,1,YOK,
1649,1,40,80,,1993,1,1,1,YOK,
1650,1,60,60,,1990,1,1,1,YOK,
1651,1,"59,5",70,,1995,1,1,1,YOK,
1652,,55,55,,,,1,1,YOK,
1653,1,55,55,,1992,1,1,1,YOK,
1654,1,43,60,,1976,1,1,1,YOK,
1655,1,50,"59,5",,1982,1,1,1,YOK,
1656,1,40,60,,1977,1,1,1,YOK,
1657,1,"55,5",57,,1994,1,1,1,YOK,
1658,1,55,57,,1993,1,1,1,YOK,
1659,1,50,70,,1978,1,1,1,YOK,
1660,1,50,70,,1990,1,1,1,YOK,
1661,1,48,68,,2012,2,1,1,YOK,
1662,1,50,70,,2013,1,1,1,YOK,
1663,1,"59,5",70,,2011,1,1,1,YOK,
1664,1,55,"64,5",,2012,1,1,1,YOK,
1665,1,55,70,,2013,1,1,1,YOK,
1666,1,50,70,,2011,1,1,1,YOK,
1667,1,50,70,,2012,1,1,1,YOK,
1668,1,50,70,,2011,1,1,1,YOK,
1669,1,50,70,,2003,1,1,1,YOK,
1670,,50,70,,,,1,17,YOK,
1671,1,50,70,,2011,1,1,1,YOK,
1672,1,55,55,,2013,1,1,1,YOK,
1673,1,55,60,,1984,1,1,1,YOK,
1674,1,50,50,,1996,1,1,1,YOK,
1675,1,40,75,,2012,1,1,1,YOK,
1676,1,60,60,,2011,1,1,1,YOK,
1677,1,60,80,,2012,1,1,1,YOK,
1678,1,60,80,,2012,1,1,1,YOK,
1679,1,60,80,,2013,1,1,1,YOK,
1680,1,50,50,,1982,1,1,1,YOK,
1681,,"55,5",80,,,,1,1,YOK,
1682,,57,75,,,,1,1,YOK,
1683,,60,70,,,,1,28,YOK,
1684,1,60,70,,1991,1,1,1,YOK,
1685,,60,70,,,,1,1,YOK,
1686,,51,54,,,6,1,1,YOK,
1687,,45,50,,,6,1,1,YOK,
1688,,50,52,,,6,1,1,YOK,
1689,,45,50,,,6,1,1,YOK,
1690,1,60,43,,2008,8,1,1,,
1691,1,48,48,,2012,8,1,1,,
1692,1,44,56,,2009,8,1,1,,
1693,1,41,48,,2008,8,1,1,,
1694,1,25,49,,2009,8,1,1,,
1695,1,40,59,,2013,8,1,1,,
1696,1,50,50,,2012,8,1,1,,
1697,1,40,70,,2012,8,1,1,,
1698,1,39,69,,2012,8,1,1,,
1699,1,50,70,,2010,2,1,1,YOK,
1700,1,50,60,,2010,1,1,1,YOK,
1701,1,40,60,,2010,1,1,1,YOK,
1702,1,70,80,,2014,1,1,1,YOK,
1703,1,48,53,,1992,6,1,1,YOK,
1704,1,60,85,,2014,1,1,1,YOK,
1705,1,56,56,,1992,1,1,1,YOK,
1706,1,48,67,,1992,3,1,1,YOK,
1707,1,55,60,,2011,1,1,1,YOK,
1708,1,79,90,,2014,8,1,1,YOK,
1709,1,90,120,,2010,8,1,1,YOK,
1710,1,120,138,,2010,8,1,1,YOK,
1711,1,42,49,,2015,8,1,1,,
1712,1,50,75,,2014,8,1,1,,
1713,1,49,74,,2015,8,1,1,,
1714,1,60,85,,2014,8,1,1,,
1715,1,59,118,,2015,8,1,1,YOK,
1716,1,84,98,,2015,8,1,1,,
1717,1,85,109,,2015,8,1,1,YOK,
1718,1,91,121,,2014,8,1,1,YOK,
1719,1,91,121,,2014,8,1,1,YOK,
1720,1,122,137,,2014,8,1,1,YOK,
1721,1,90,120,,2008,8,1,1,YOK,
1722,1,83,85,,2011,8,1,1,,
1723,1,82,83,,2010,8,1,1,KIRIŞIK,
1724,1,58,87,,2008,8,1,1,KIRIŞIK,
1725,1,88,58,,2010,8,1,1,,
1726,1,63,78,,2011,8,1,1,,
1727,1,70,70,,2011,8,1,1,,
1728,1,35,95,,2012,8,1,1,,
1729,1,70,90,,2012,8,1,1,,
1730,1,75,85,,1978,8,1,1,,
1731,1,86,120,,2008,8,1,30,YOK,
1732,1,90,120,,2012,8,1,1,YOK,
1733,1,90,120,,2008,8,1,4,YOK,
1734,1,86,103,,2012,8,1,1,YOK,
1735,1,75,90,,2012,8,1,1,,
1736,1,90,120,,2012,8,1,1,,
1737,1,79,88,,2013,8,1,1,,
1738,1,70,80,,2013,8,1,1,,
1739,1,108,144,,2011,8,1,1,YOK,
1740,1,110,145,,2011,8,1,1,YOK,
1741,1,121,137,,2011,8,1,1,YOK,
1742,1,120,138,,2010,8,1,1,,
1743,1,60,85,,2014,1,1,1,YOK,
1744,1,60,96,,2015,1,1,1,YOK,
1745,1,"70,5","70,5",,1990,1,1,1,YOK,
1746,1,50,70,,1991,6,1,1,YOK,
1747,1,50,70,,1992,6,1,1,YOK,
1748,1,46,65,,1994,6,1,1,YOK,
1749,1,50,70,,1992,6,1,1,YOK,
1750,1,50,"53,5",,1991,6,1,1,YOK,
1751,1,"44,5","64,5",,1992,6,1,1,YOK,
1752,1,"69,5","69,5",,2014,5,1,1,YOK,
1753,1,49,"74,5",,2015,8,1,1,,
1754,1,41,41,,2014,1,1,1,YOK,
1755,1,55,60,,2012,1,1,1,YOK,
1756,1,49,73,,2015,8,1,1,,
1757,1,60,70,,1995,1,1,1,YOK,
1758,1,60,70,,1995,1,1,1,YOK,
1759,1,50,70,,1995,1,1,1,YOK,
1760,1,65,75,,2014,1,1,1,YOK,
1761,1,40,40,,1994,1,1,1,YOK,
1762,1,37,37,,1980,1,1,1,YOK,
1763,1,"31,5","39,5",,2011,1,1,1,YOK,
1764,1,34,47,,1989,6,1,1,YOK,
1765,1,45,45,,1983,6,1,1,YOK,
1766,1,"30,5",39,,1987,6,1,1,YOK,
1767,1,34,44,,1984,6,1,1,YOK,
1768,1,55,65,,2008,1,1,1,YOK,
1769,1,110,110,,1973,1,1,1,YOK,
1770,1,49,"64,5",,1994,1,1,1,YOK,
1771,1,"27,5",50,,1992,6,1,1,YOK,
1772,1,35,42,,1986,1,1,1,YOK,
1773,1,39,"54,5",,1974,6,1,1,YOK,
1774,1,48,60,,1978,1,1,1,YOK,
1775,1,45,55,,1987,1,1,1,YOK,
1776,1,40,60,,1975,1,1,1,YOK,
1777,1,"32,5",35,,1982,3,1,1,YOK,
1778,1,"30,5","32,5",,1991,6,1,1,YOK,
1779,1,22,35,,1985,6,1,1,YOK,
1780,1,"49,5","49,5",,1979,1,1,1,YOK,
1781,1,50,55,,2011,1,1,1,YOK,
1782,1,47,99,,1992,6,1,1,YOK,
1783,1,50,65,,1996,1,1,1,YOK,
1784,1,"49,5","49,5",,1982,1,1,1,YOK,
1785,1,40,70,,2011,1,1,1,YOK,
1786,1,45,45,,2015,1,1,1,YOK,
1787,1,36,49,,2015,1,1,1,YOK,
1788,1,54,74,,1993,6,1,1,YOK,
1789,1,69,100,,1974,1,1,1,YOK,
1790,1,75,100,,1991,1,1,1,YOK,
1791,1,45,45,,2015,1,1,1,YOK,
1792,1,"60,5",71,,1994,1,1,1,YOK,
1793,1,60,"70,5",,1990,1,1,1,YOK,
1794,1,"59,5","70,5",,1990,1,1,1,YOK,
1795,1,60,70,,1995,1,1,1,YOK,
1796,1,"58,5",74,,2000,1,1,1,YOK,
1797,1,67,67,,1991,1,1,1,YOK,
1798,1,50,70,,1972,1,1,1,YOK,
1799,1,70,100,,1978,1,1,1,YOK,
1800,1,71,99,,1972,1,1,1,YOK,
1801,1,"59,5",110,,1978,1,1,1,YOK,
1802,1,65,80,,2015,1,1,1,YOK,
1803,1,50,60,,2009,1,1,1,YOK,
1804,1,75,75,,2015,1,1,1,,
1805,1,"40,5","50,5",,2015,1,1,1,YOK,
1806,1,50,70,,2008,1,1,1,YOK,
1807,1,30,"37,5",,1990,6,1,1,YOK,
1808,1,50,70,,2008,1,1,1,YOK,
1809,1,80,90,,1992,1,1,1,YOK,
1810,1,50,70,,2006,1,1,1,YOK,
1811,1,34,47,,2004,1,1,1,YOK,
1812,1,50,70,,2004,1,1,1,YOK,
1813,1,50,70,,1975,1,1,1,YOK,
1814,1,"46,5",50,,1990,1,1,1,YOK,
1815,1,50,55,,2009,1,1,1,YOK,
1816,1,23,32,,2003,1,1,1,YOK,
1817,1,25,"29,5",,2005,3,1,1,YOK,
1818,1,55,56,,1992,1,1,1,YOK,
1819,1,50,70,,2008,1,1,1,YOK,
1820,1,55,83,,2015,1,1,1,YOK,
1821,1,40,80,,2015,1,1,1,YOK,
1822,1,70,75,,2014,1,1,1,YOK,
1823,1,70,75,,2014,1,1,1,YOK,
1824,1,55,70,,1995,3,1,1,YOK,
1825,1,"35,5","47,5",,2015,1,1,1,YOK,
1826,1,91,"115,5",,1975,1,1,1,YOK,
1827,1,30,46,,2014,1,1,1,YOK,
1828,1,25,49,,2014,1,1,3,YOK,
1829,1,34,49,,2010,1,1,1,YOK,
1830,1,29,"47,5",,1988,3,1,1,YOK,
1831,1,38,53,,2014,1,1,1,YOK,
1832,1,37,50,,2014,2,1,1,YOK,
1833,1,40,55,,2013,1,1,1,YOK,
1834,1,40,60,,2004,1,1,1,YOK,
1835,1,50,60,,2004,1,1,1,YOK,
1836,1,50,70,,2004,1,1,1,YOK,
1837,1,50,70,,2005,1,1,1,YOK,
1838,1,50,74,,2006,1,1,1,YOK,
1839,1,50,60,,2012,1,1,1,YOK,
1840,1,50,60,,2010,1,1,29,,
1841,1,40,60,,2012,1,1,1,YOK,
1842,1,50,60,,2009,1,1,1,YOK,
1843,1,50,70,,2010,1,1,1,YOK,
1844,1,60,70,,1995,1,1,1,YOK,
1845,1,50,70,,2010,1,1,1,YOK,
1846,1,50,70,,2010,1,1,1,YOK,
1847,1,55,60,,2014,1,1,1,YOK,
1848,1,60,65,,2014,1,1,1,YOK,
1849,1,"49,5","69,5",,2014,3,1,1,YOK,
1850,1,"26,5",75,,1995,3,1,1,YOK,
1851,1,26,38,,2015,3,1,1,YOK,
1852,1,14,40,,2012,3,1,1,YOK,
1853,1,20,"54,5",,2003,3,1,1,YOK,
1854,1,25,42,,2014,3,1,1,YOK,
1855,9,"24,5","29,5",,2014,3,1,1,YOK,
1856,1,17,50,,2010,2,1,1,YOK,
1857,1,19,54,,2014,2,1,1,YOK,
1858,1,23,49,,2002,3,1,1,YOK,
1859,1,35,42,,2014,2,1,1,YOK,
1860,6,30,40,,2013,2,1,1,YOK,
1861,1,"32,5","47,5",,2010,3,1,1,YOK,
1862,1,40,46,,2012,1,1,1,YOK,
1863,1,"33,5",51,,2002,1,1,1,YOK,
1864,1,30,65,,2014,1,1,1,YOK,
1865,1,37,53,,2014,1,1,1,YOK,
1866,1,"24,5","39,5",,2014,3,1,1,YOK,
1867,10,"23,5",35,,2014,9,1,1,YOK,
1868,1,"29,5",41,,2014,2,1,1,YOK,
1869,10,24,31,,2015,9,1,1,YOK,
1870,9,25,33,,2014,9,1,1,,
1871,10,32,24,,2014,9,1,1,,
1872,6,21,"26,5",,2014,,1,1,YOK,
1873,1,26,35,,2014,5,1,1,YOK,
1874,1,29,42,,2012,3,1,1,YOK,
1875,6,21,35,,2014,3,1,1,YOK,
1876,10,"21,5",23,,2014,9,1,1,YOK,
1877,1,"29,5","36,5",,2001,3,1,1,YOK,
1878,1,"25,5","30,5",,2010,3,1,1,YOK,
1879,1,"26,5","32,5",,2014,6,1,1,YOK,
1880,1,"38,5",94,,2015,4,1,1,YOK,
1881,1,27,"36,5",,2014,2,1,1,YOK,
1882,1,29,35,,1994,3,1,1,YOK,
1883,10,25,30,,2014,9,1,1,YOK,
1884,10,24,38,,2014,9,1,1,YOK,
1885,10,21,33,,2014,9,1,1,YOK,
1886,1,50,70,,2009,1,1,1,YOK,
1887,1,"54,5",80,,2014,1,1,1,YOK,
1888,1,40,85,,2014,1,1,1,YOK,
1889,1,35,79,,2013,1,1,1,YOK,
1890,1,55,76,,2014,1,1,1,YOK,
1891,1,55,80,,2014,1,1,1,YOK,
1892,1,40,95,,2015,1,1,1,YOK,
1893,1,60,90,,2014,1,1,1,YOK,
1894,1,50,100,,2006,1,1,1,YOK,
1895,1,80,85,,2010,1,1,1,YOK,
1896,1,85,100,,2006,1,1,1,YOK,
1897,1,77,90,,2011,1,1,1,YOK,
1898,1,90,90,,2006,1,1,1,YOK,
1899,1,75,110,,1993,1,1,1,YOK,
1900,1,60,120,,2011,1,1,1,YOK,
1901,1,60,120,,2011,1,1,1,YOK,
1902,1,60,120,,2011,1,1,1,YOK,
1903,1,60,120,,2011,1,1,1,YOK,
1904,1,,,53,2014,6,1,1,YOK,
1905,1,,,53,2013,6,1,1,,
1906,1,,,49,2014,4,1,1,BULANIK,
1907,1,,,49,2014,4,1,1,BULANIK,
1908,1,,,"44,5",2014,4,1,1,,
1909,1,,,43,2014,4,1,1,BULANIK,
1910,1,,,"44,5",2014,4,1,1,,
1911,1,,,39,2014,4,1,1,,
1912,1,,,39,2011,4,1,1,,
1913,1,,,39,2014,4,1,1,,
1914,1,,,39,2014,4,1,1,,
1915,1,,,39,2014,4,1,1,,
1916,1,,,39,2014,4,1,1,,
1917,1,,,"38,5",2014,4,1,1,,
1918,1,,,"38,5",2014,4,1,1,,
1919,1,,,"38,5",2015,4,1,1,,
1920,1,,,"38,5",2015,4,1,1,,
1921,1,,,"38,5",2015,4,1,1,,
1922,1,,,"38,5",2015,4,1,1,BULANIK,
1923,1,,,33,2011,4,1,1,,
1924,1,,,33,2014,4,1,1,BULANIK,
1925,1,,,33,2014,4,1,1,,
1926,1,,,33,2014,4,1,1,,
1927,1,,,33,2015,4,1,1,,
1928,1,,,33,2013,4,1,1,,
1929,1,,,33,2014,4,1,1,,
1930,1,,,33,2014,4,1,1,,
1931,1,,,33,2014,4,1,1,,
1932,9,,,30,2014,3,1,1,,
1933,1,,,"28,5",2014,4,1,1,,
1934,1,,,"28,5",2014,4,1,1,,
1935,1,21,41,,2013,5,1,1,YOK,
1936,1,30,57,,2015,6,1,1,,
1937,1,36,48,,2015,6,1,1,,
1938,1,50,"27,5",,2015,5,1,1,,
1939,1,"69,5","33,5",,2014,5,1,1,,
1940,1,19,46,,2014,6,1,1,,
1941,1,25,58,,2015,2,1,1,,
1942,9,25,73,,2014,6,1,1,,
1943,9,20,68,,2014,6,1,1,,
1944,1,25,"57,5",,2014,2,1,1,,
1945,9,21,67,,2014,2,1,1,,
1946,1,20,64,,2014,6,1,1,,
1947,1,20,65,,2014,6,1,1,YOK,
1948,9,23,54,,2014,6,1,1,,
1949,1,35,"40,5",,1987,3,1,1,,
1950,9,"33,5",40,,2015,3,1,1,,
1951,1,47,"15,5",,2014,3,1,1,,
1952,1,63,"17,5",,2014,6,1,1,,
1953,1,68,"16,5",,1992,6,1,1,,
1954,1,50,"17,5",,2012,3,1,1,,
1955,1,63,17,,2012,3,1,1,,
1956,1,61,17,,2012,6,1,1,,
1957,1,63,"17,5",,2014,6,1,1,,
1958,9,59,"18,5",,2014,6,1,1,,
1959,1,19,"64,5",,2008,6,1,1,,
1960,1,"18,5",64,,2013,6,1,1,,
1961,1,32,45,,2015,4,1,1,,
1962,1,"37,5",62,,2015,6,1,1,,
1963,1,60,85,,2014,1,1,1,YOK,
1964,1,36,49,,2014,3,1,1,YOK,
1965,9,"33,5","43,5",,2014,3,1,1,YOK,
1966,1,"27,5",375,,2015,3,1,1,YOK,
1967,1,85,110,,2015,8,1,1,YOK,
1968,1,85,102,,2015,8,1,1,YOK,
1969,1,80,120,,2015,8,1,1,YOK,
1970,1,91,121,,2015,8,1,1,,
1971,1,85,100,,2006,1,1,1,YOK,
1972,1,85,100,,2008,1,1,1,YOK,
1973,1,60,150,,2015,1,1,1,YOK,
1974,1,80,85,,2015,1,1,1,,
1975,1,50,75,,2015,1,1,1,YOK,
1976,1,70,75,,2014,1,1,1,,
1977,10,"23,5",32,,2014,9,1,1,,
1978,10,"22,5",42,,2014,9,1,1,,
1979,10,"22,5",42,,2014,9,1,1,,
1980,10,24,"46,5",,2014,9,1,1,,
1981,9,28,40,,2014,2,1,1,,
1982,10,25,"34,5",,2014,9,1,1,,
1983,10,"27,5",34,,2014,9,1,1,,
1984,10,18,40,,2014,9,1,1,,
1985,10,24,"31,5",,2014,9,1,1,,
1986,10,"21,5","32,5",,2014,9,1,1,,
1987,10,20,33,,2014,9,1,1,,
1988,10,30,31,,2014,9,1,1,,
1989,10,24,"31,5",,2014,9,1,1,,
1990,10,24,"31,5",,2014,9,1,1,,
1991,10,26,29,,2014,9,1,1,,
1992,10,27,29,,2014,9,1,1,,
1993,10,"21,5","29,5",,2014,9,1,1,,
1994,10,29,29,,2014,9,1,1,,
1995,10,22,29,,2014,9,1,1,,
1996,10,"28,5",30,,2014,9,1,1,,
1997,10,24,27,,2014,9,1,1,,
1998,10,22,26,,2014,9,1,1,,
1999,10,26,26,,2014,9,1,1,,
2000,10,30,25,,2014,9,1,1,YOK,
2001,10,26,44,,2016,9,1,1,YOK,
2002,10,25,35,,2016,9,1,1,YOK,
2003,10,"31,5",48,,2016,9,1,1,YOK,
2004,10,41,"43,5",,2016,9,1,1,YOK,
2005,10,"41,5","43,5",,2016,9,1,1,,
2006,10,"40,5",41,,2016,9,1,1,YOK,
2007,10,36,47,,2016,9,1,1,YOK,
2008,10,36,56,,2016,9,1,1,,
2009,10,38,39,,2016,9,1,1,YOK,
2010,10,38,39,,2016,9,1,1,YOK,
2011,10,39,40,,2016,9,1,1,YOK,
2012,10,29,44,,2016,9,1,1,YOK,
2013,10,"32,5",45,,2016,9,1,1,YOK,
2014,10,34,49,,2016,9,1,1,YOK,
2015,10,38,39,,2016,9,1,1,YOK,
2016,10,25,58,,2016,9,1,1,,
2017,10,"33,5",49,,2016,9,1,1,YOK,
2018,10,"33,5",49,,2016,9,1,1,YOK,
2019,10,36,45,,2016,9,1,1,YOK,
2020,10,38,39,,2016,9,1,1,YOK,
2021,10,"24,5",35,,2016,9,1,1,YOK,
2022,10,38,39,,2016,9,1,1,YOK,
2023,10,42,"43,5",,2016,9,1,1,YOK,
2024,10,"29,5",42,,2016,9,1,1,YOK,
2025,10,23,50,,2016,9,1,1,YOK,
2026,10,24,35,,2016,9,1,1,YOK,
2027,10,25,39,,2016,9,1,1,YOK,
2028,10,25,35,,2016,9,1,1,YOK,
2029,10,28,34,,2016,9,1,1,YOK,
2030,10,"31,5",34,,2016,9,1,1,YOK,
2031,10,30,49,,2016,9,1,1,YOK,
2032,10,29,39,,2016,9,1,1,YOK,
2033,10,33,48,,2016,9,1,1,YOK,
2034,10,32,"44,5",,2016,9,1,1,YOK,
2035,10,30,49,,2016,9,1,1,YOK,
2036,10,31,45,,2016,9,1,1,YOK,
2037,10,"33,5",48,,2016,9,1,1,YOK,
2038,10,28,"40,5",,2016,9,1,1,YOK,
2039,10,33,48,,2016,9,1,1,YOK,
2040,10,34,"43,5",,2016,9,1,1,YOK,
2041,10,24,"31,5",,2016,9,1,1,YOK,
2042,10,24,28,,2016,9,1,1,YOK,
2043,10,29,44,,2016,9,1,1,YOK,
2044,10,28,38,,2016,9,1,1,YOK,
2045,10,30,43,,2016,9,1,1,YOK,
2046,10,24,31,,2016,9,1,1,YOK,
2047,10,34,44,,2016,9,1,1,YOK,
2048,10,35,"39,5",,2016,9,1,1,YOK,
2049,10,30,"43,5",,2016,9,1,1,YOK,
2050,10,"20,5","45,5",,2016,9,1,1,YOK,
2051,10,21,"45,5",,2016,9,1,1,YOK,
2052,10,24,35,,2016,9,1,1,YOK,
2053,10,"27,5","43,5",,2016,9,1,1,YOK,
2054,10,32,44,,2016,9,1,1,YOK,
2055,10,31,50,,2016,9,1,1,YOK,
2056,10,"34,5",50,,2016,9,1,1,YOK,
2057,10,"26,5",41,,2016,9,1,1,YOK,
2058,10,31,50,,2016,9,1,1,YOK,
2059,10,28,36,,2016,9,1,1,YOK,
2060,10,30,"40,5",,2016,9,1,1,YOK,
2061,10,25,40,,2016,9,1,1,YOK,
2062,10,"23,5",32,,2016,9,1,1,YOK,
2063,10,23,39,,2016,9,1,1,YOK,
2064,10,"20,5","43,5",,2016,9,1,1,YOK,
2065,10,24,35,,2016,9,1,1,YOK,
2066,10,23,31,,2016,9,1,1,YOK,
2067,10,29,"39,5",,2016,9,1,1,YOK,
2068,10,31,38,,2016,9,1,1,YOK,
2069,10,31,50,,2016,9,1,1,YOK,
2070,10,30,46,,2016,9,1,1,YOK,
2071,10,"29,5",42,,2016,9,1,1,YOK,
2072,10,30,34,,2016,9,1,1,YOK,
2073,10,25,36,,2016,9,1,1,YOK,
2074,10,22,28,,2016,9,1,1,YOK,
2075,10,31,50,,2016,9,1,1,YOK,
2076,10,24,35,,2016,9,1,1,YOK,
2077,10,29,41,,2016,9,1,1,YOK,
2078,10,"28,5","33,5",,2016,9,1,1,YOK,
2079,10,24,33,,2016,9,1,1,YOK,
2080,10,"28,5",37,,2016,9,1,1,YOK,
2081,10,26,33,,2016,9,1,1,YOK,
2082,10,24,34,,2016,9,1,1,YOK,
2083,10,"24,5",35,,2016,9,1,1,YOK,
2084,10,30,49,,2016,9,1,1,YOK,
2085,10,34,41,,2016,9,1,1,YOK,
2086,10,"25,5",34,,2016,9,1,1,YOK,
2087,10,24,33,,2016,9,1,1,YOK,
2088,10,21,"45,5",,2016,9,1,1,YOK,
2089,10,"23,5",27,,2016,9,1,1,YOK,
2090,10,28,32,,2016,9,1,1,YOK,
2091,10,26,33,,2016,9,1,1,,
2092,10,30,50,,2016,9,1,30,YOK,
2093,10,"25,5",55,,2017,9,1,1,,
2094,10,39,41,,2017,9,1,1,,
2095,10,"37,5",40,,2017,9,1,1,,
2096,10,"37,5",45,,2017,9,1,1,,
2097,10,"40,5",43,,2017,9,1,1,,
2098,10,"37,5",38,,2017,9,1,1,,
2099,10,41,41,,2017,9,1,1,,
2100,10,38,39,,2017,9,1,1,,
2101,1,"24,5",49,,2016,2,1,1,,
2102,1,"35,5",44,,2015,4,1,1,,
2103,1,34,51,,2015,2,1,1,,
2104,1,30,"34,5",,2010,2,1,1,,
2105,1,31,50,,2015,2,1,1,,
2106,1,28,36,,2015,2,1,1,,
2107,1,"38,5",41,,2015,4,1,1,BULANIK,
2108,1,"29,5",41,,2015,2,1,1,,
2109,1,28,50,,2015,5,1,1,,
2110,1,30,42,,2014,3,1,1,,
2111,1,"29,5",40,,2015,2,1,1,,
2112,1,35,48,,1990,2,1,1,,
2113,1,32,"35,5",,2015,2,1,1,,
2114,1,32,"43,5",,2015,4,1,1,,
2115,1,33,"41,5",,2015,2,1,1,,
2116,1,33,36,,2015,2,1,1,,
2117,1,28,50,,2015,2,1,1,,
2118,1,30,55,,2015,2,1,1,,
2119,9,"29,5","32,5",,2014,3,1,1,,
2120,1,35,"37,5",,2015,2,1,1,YOK,
2121,1,"37,5",41,,2016,2,1,1,,
2122,1,28,47,,2015,5,1,1,,
2123,1,27,41,,2015,2,1,1,,
2124,9,"29,5",42,,2015,3,1,1,BULANIK,
2125,1,27,"40,5",,2015,2,1,1,,
2126,1,27,"40,5",,2016,2,1,1,,
2127,9,25,"32,5",,2015,9,1,1,,
2128,1,"27,5","34,5",,2015,2,1,1,,
2129,1,25,48,,2014,2,1,1,,
2130,1,20,38,,2015,2,1,1,,
2131,1,"25,5",35,,2015,2,1,1,BULANIK,
2132,1,26,50,,2015,2,1,1,,
2133,1,"24,5","41,5",,2015,2,1,1,,
2134,1,27,"43,5",,2015,2,1,1,,
2135,1,25,"25,5",,2015,5,1,1,,
2136,1,"21,5","45,5",,2015,2,1,1,,
2137,1,"18,5",30,,2015,2,1,1,,
2138,1,"39,5","17,5",,2015,2,1,1,,
2139,1,36,39,,2016,2,1,1,,
2140,1,25,35,,2016,3,1,1,BULANIK,
2141,1,27,41,,2016,2,1,1,,
2142,1,22,35,,2016,2,1,1,,
2143,1,22,34,,2016,2,1,1,,
2144,1,"27,5","38,5",,2016,2,1,1,,
2145,1,25,35,,2012,2,1,1,BULANIK,
2146,1,"28,5","38,5",,2016,2,1,1,,
2147,1,24,"41,5",,2016,2,1,1,,
2148,1,30,41,,2016,4,1,1,,
2149,1,35,45,,2016,5,1,1,YOK,
2150,1,35,40,,2016,2,1,1,BULANIK,
2151,1,"17,5",43,,2016,3,1,1,BULANIK,
2152,9,20,"46,5",,2010,3,1,1,,
2153,1,"31,5",47,,2015,5,1,1,,
2154,1,43,47,,2016,2,1,1,,
2155,1,"39,5",64,,2015,5,1,1,,
2156,1,"45,5","51,5",,2016,2,1,1,,
2157,1,43,51,,2015,2,1,1,,
2158,1,"45,5",52,,2016,2,1,1,,
2159,1,48,65,,2015,4,1,3,YOK,
2160,1,40,57,,2015,5,1,3,YOK,
2161,1,"45,5",52,,2015,2,1,1,,
2162,1,50,70,,1992,6,1,3,YOK,
2163,1,"37,5",63,,2015,2,1,1,,
2164,1,46,80,,2016,5,1,3,YOK,
2165,1,49,8,,2015,5,1,3,YOK,
2166,1,"49,5","67,5",,1992,3,1,3,YOK,
2167,1,50,70,,1991,6,1,3,YOK,
2168,1,50,70,,1978,6,1,11,YOK,
2169,1,"43,5",51,,2016,2,1,1,,
2170,1,56,"56,5",,2016,2,1,1,,
2171,1,60,"70,5",,1992,6,1,1,,
2172,1,45,80,,2015,5,1,3,YOK,
2173,1,49,"69,5",,2015,5,1,7,YOK,
2174,1,60,85,,2016,8,1,32,YOK,
2175,1,"28,5",71,,2016,,1,23,YOK,
2176,10,40,43,,2016,9,1,19,YOK,
2177,10,"40,5",43,,2017,9,1,19,YOK,
2178,1,18,30,,2014,2,1,14,YOK,
2179,10,39,39,,2017,9,1,1,,
2180,10,37,45,,2017,9,1,1,,
2181,10,38,50,,2017,9,1,1,,
2182,10,30,48,,2017,9,1,1,,
2183,10,30,47,,2017,9,1,1,,
2184,10,"46,5","26,5",,2017,9,1,1,,
2185,9,"22,5",53,,2017,9,1,1,,
2186,9,"22,5",44,,2017,9,1,1,,
2187,9,29,20,,2017,9,1,1,,
2188,10,"34,5",51,,2017,9,1,1,,
2189,10,55,34,,2017,9,1,1,,
2190,10,29,"43,5",,2017,9,1,1,,İMZASIZ
2191,10,33,"47,5",,2017,9,1,1,,
2192,9,32,20,,2017,9,1,1,,
2193,10,40,32,,2017,9,1,1,,
2194,10,39,29,,2017,9,1,1,,
2195,10,33,"47,5",,2017,9,1,1,,
2196,10,30,40,,2016,9,1,1,,
2197,10,"29,5",37,,2016,9,1,1,,
2198,10,39,29,,2016,9,1,1,,
2199,10,32,48,,2017,9,1,1,,
2200,10,"31,5","49,5",,2017,9,1,1,,
2201,10,45,35,,2017,9,1,1,YOK,
2202,10,36,48,,2017,9,1,1,,
2203,10,43,36,,2017,9,1,1,,
2204,10,47,33,,2017,9,1,1,,
2205,10,"28,5",45,,2017,9,1,1,,
2206,10,34,45,,2017,9,1,1,,
2207,10,33,48,,2017,9,1,1,,
2208,10,34,42,,2017,9,1,1,,
2209,10,34,45,,2017,9,1,1,,
2210,10,"33,5","47,5",,2017,9,1,1,,
2211,10,40,34,,2017,9,1,1,,
2212,10,33,48,,2017,9,1,1,,
2213,10,35,47,,2017,9,1,1,,
2214,10,31,46,,2017,9,1,1,,
2215,10,35,50,,2017,9,1,1,,
2216,10,32,46,,2017,9,1,1,,
2217,10,33,48,,2017,9,1,1,,
2218,10,33,48,,2017,9,1,1,YOK,
2219,10,33,48,,2016,9,1,1,,
2220,10,48,27,,2016,9,1,1,,
2221,10,"27,5","43,5",,2016,9,1,1,,
2222,1,"44,5","54,5",,1978,1,1,1,,
2223,1,44,44,,1991,1,1,1,,
2224,1,40,50,,1978,1,1,1,,
2225,1,"48,5","48,5",,1995,1,1,1,,
2226,1,49,49,,1980,1,1,1,,
2227,1,49,49,,1975,1,1,1,,
2228,1,50,60,,2008,1,1,1,,
2229,1,55,55,,1991,1,1,1,,
2230,1,36,51,,1977,6,1,1,,
2231,1,40,50,,1977,1,1,1,,
2232,1,50,70,,1992,6,1,1,,
2233,1,40,60,,2016,2,1,1,,
2234,1,63,73,,2016,6,1,1,,
2235,1,60,"68,5",,2016,1,1,1,,
2236,1,50,70,,2016,1,1,1,,
2237,1,60,"68,5",,2016,1,1,1,,
2238,1,35,"47,5",,2017,2,1,1,,
2239,1,65,80,,2015,1,1,1,,
2240,1,45,46,,2017,1,1,1,,
2241,1,50,70,,2016,1,1,1,,
2242,1,22,31,,2017,2,1,1,BULANIK,
2243,9,30,30,,2014,3,1,1,,
2244,1,33,"44,5",,2016,2,1,1,,
2245,1,56,"63,5",,1990,2,1,1,,
2246,1,50,66,,2015,5,1,1,,
2247,1,50,80,,2016,2,1,1,,
2248,1,53,61,,2017,2,1,1,,
2249,1,"26,5","95,5",,2016,5,1,1,,
2250,1,36,49,,2016,2,1,1,BULANIK,
2251,1,55,65,,2017,2,1,1,,
2252,1,35,50,,2017,2,1,1,,
2253,1,50,57,,2016,2,1,1,,
2254,1,57,82,,2016,2,1,1,,
2255,1,70,94,,2016,4,1,1,,
2256,1,25,29,,2017,2,1,1,,
2257,1,34,24,,2016,2,1,1,,
2258,1,"47,5","14,5",,2017,2,1,1,,
2259,1,"43,5",21,,2016,2,1,1,,
2260,1,23,44,,2016,2,1,1,,
2261,1,"29,5",30,,2016,2,1,1,,
2262,1,25,70,,2016,2,1,1,,
2263,1,54,"32,5",,2015,2,1,1,,
2264,1,"27,5","62,5",,2015,2,1,1,,
2265,1,23,50,,2015,2,1,1,,
2266,1,28,50,,2016,2,1,1,,
2267,1,"24,5","52,5",,2015,2,1,1,,
2268,1,28,60,,2015,5,1,1,,
2269,1,31,"53,5",,2016,2,1,1,,İMZA BULANIK
2270,1,37,55,,2017,2,1,1,,
2271,1,"43,5","39,5",,2017,2,1,1,,
2272,1,41,45,,2016,2,1,1,,
2273,1,40,48,,2017,2,1,1,,İMZASIZ
2274,1,40,42,,2016,2,1,1,,
2275,1,35,50,,2017,1,1,1,,
2276,1,35,50,,2017,1,1,1,,
2277,1,40,70,,2016,6,1,1,,
2278,1,60,39,,2016,2,1,1,,
2279,1,"43,5","39,5",,2016,2,1,1,,
2280,1,48,35,,2014,3,1,1,,
2281,1,60,70,,2016,7,1,1,,
2282,1,70,75,,2017,1,1,1,,
2283,1,"39,5","44,5",,2017,2,1,1,,
2284,1,44,73,,2016,8,1,1,,
2285,1,69,98,,2016,8,1,1,,
2286,1,60,85,,2016,8,1,1,,
2287,1,60,"68,5",,2016,8,1,1,,
2288,1,59,85,,2017,8,1,1,,
2289,1,50,75,,2016,8,1,1,,
2290,1,50,76,,2016,8,1,1,,
2291,1,69,69,,2016,8,1,1,,
2292,1,60,"68,5",,2016,8,1,1,,
2293,1,60,79,,2015,8,1,1,,
2294,1,50,75,,2016,8,1,1,,
2295,1,60,"68,5",,2016,8,1,1,,
2296,1,60,"68,5",,2016,8,1,1,,
2297,1,67,93,,2016,8,1,1,,
2298,1,60,"68,5",,2016,8,1,1,,
2299,1,60,"68,5",,2016,8,1,1,,
2300,1,68,70,,2016,8,1,1,,
2301,1,60,"68,5",,2016,8,1,1,,
2302,1,50,75,,2016,8,1,1,,
2303,1,50,49,,2016,8,1,1,,
2304,1,60,"68,5",,2016,8,1,1,LEKELİ,
2305,1,50,76,,2016,8,1,1,,
2306,1,60,"68,5",,2016,8,1,1,,
2307,1,85,60,,2015,8,1,1,,
2308,1,60,"85,5",,2016,8,1,1,,
2309,1,75,75,,2016,8,1,1,,
2310,1,90,120,,2016,8,1,1,,
2311,1,45,80,,2017,8,1,1,,
2312,1,"49,5","49,5",,2017,8,1,1,,
2313,1,47,100,,2017,8,1,1,,
2314,1,110,145,,2016,1,1,1,,
2315,1,85,102,,2017,1,1,1,,
2316,1,60,85,,2017,1,1,1,,
2317,1,60,68,,2017,1,1,1,,
2318,1,35,40,,2003,1,1,1,,
2319,,,,,,,,,BOŞ,
2320,,,,,,,,,BOŞ,
2321,,,,,,,,,BOŞ,
2322,,,,,,,,,BOŞ,
2323,,,,,,,,,BOŞ,
2324,,,,,,,,,BOŞ,
2325,,,,,,,,,BOŞ,
2326,,,,,,,,,BOŞ,
2327,,,,,,,,,BOŞ,
2328,,,,,,,,,BOŞ,
2329,,,,,,,,,BOŞ,
2330,,,,,,,,,BOŞ,
2331,,,,,,,,,BOŞ,
2332,,,,,,,,,BOŞ,
2333,,,,,,,,,BOŞ,
2334,,,,,,,,,BOŞ,
2335,,,,,,,,,BOŞ,
2336,,,,,,,,,BOŞ,
2337,,,,,,,,,BOŞ,
2338,,,,,,,,,BOŞ,
2339,,,,,,,,,BOŞ,
2340,,,,,,,,,BOŞ,
2341,1,50,70,,2018,8,1,,,
2342,1,70,50,,2018,8,1,,,
2343,,,,,,,,,BOŞ,
2344,,,,,,,,,BOŞ,
2345,,,,,,,,,BOŞ,
2346,,,,,,,,,BOŞ,
2347,,,,,,,,,BOŞ,
2348,,,,,,,,,BOŞ,
2349,,,,,,,,,BOŞ,
2350,,,,,,,,,BOŞ,
2351,,,,,,,,,BOŞ,
2352,,,,,,,,,BOŞ,
2353,,,,,,,,,BOŞ,
2354,,,,,,,,,BOŞ,
2355,,,,,,,,,BOŞ,
2356,,,,,,,,,BOŞ,
2357,,,,,,,,,BOŞ,
2358,,,,,,,,,BOŞ,
2359,,,,,,,,,BOŞ,
2360,1,50,70,,2012,8,1,1,YOK,
2361,1,50,70,,2012,8,1,1,YOK,
2362,1,50,70,,2012,8,1,1,YOK,
2363,1,50,70,,2012,8,1,1,,
2364,1,50,70,,2012,8,1,1,,
2365,1,50,70,,2012,8,1,1,,
2366,1,50,70,,2012,8,1,1,,
2367,1,50,70,,2012,8,1,1,,
2368,1,50,70,,2012,8,1,1,,
2369,1,50,70,,2012,8,1,1,YOK,
2370,1,50,70,,2009,8,1,1,,
2371,1,50,70,,2009,8,1,1,YOK,
2372,1,70,50,,2008,8,1,1,,
2373,1,50,70,,2008,8,1,1,,
2374,1,50,70,,2009,8,1,1,,
2375,1,50,70,,2011,8,1,1,,
2376,1,50,70,,2009,8,1,1,,
2377,1,70,50,,2008,8,1,1,,
2378,1,50,70,,2009,8,1,1,BULANIK,
2379,1,50,70,,2011,8,1,1,BULANIK,
2380,1,50,70,,2009,8,1,1,,
2381,1,50,70,,2009,8,1,1,,
2382,1,70,50,,2009,8,1,1,,
2383,1,50,70,,2009,8,1,1,,
2384,1,50,70,,2009,8,1,1,,
2385,1,70,50,,2009,8,1,1,,
2386,1,50,70,,2009,8,1,1,YOK,
2387,1,50,70,,2011,8,1,1,,
2388,1,50,70,,2011,8,1,1,YOK,
2389,1,50,70,,2011,8,1,1,,LEKELİ
2390,1,70,50,,2009,8,1,1,,
2391,1,50,70,,2011,8,1,1,YOK,
2392,1,50,70,,2011,8,1,1,YOK,
2393,1,50,70,,2011,8,1,1,YOK,
2394,1,70,50,,,8,1,1,,İMZASIZ
2395,1,70,50,,2009,8,1,1,,
2396,1,70,50,,,8,1,1,,İMZASIZ
2397,1,70,50,,2009,8,1,1,,
2398,1,50,70,,2009,8,1,1,,
2399,1,50,70,,2011,8,1,1,,
2400,1,70,50,,2009,8,1,1,,
2401,1,70,50,,2009,8,1,1,,İMZASIZ
2402,1,50,70,,2011,8,1,1,,
2403,1,50,70,,2009,8,1,1,YOK,ÇİFT NUMARA
2404,1,50,70,,2009,8,1,1,YOK,
2405,1,50,70,,2009,8,1,1,YOK,
2406,1,50,70,,2009,8,1,1,,
2407,1,50,70,,2011,8,1,1,,
2408,1,50,70,,2011,8,1,1,BULANIK,
2409,1,50,70,,2011,8,1,1,,
2410,1,50,70,,,8,1,1,YOK,
2411,1,50,70,,,8,1,1,YOK,
2412,1,70,50,,,8,1,1,,İMZASIZ
2413,1,50,70,,,8,1,1,,İMZASIZ
2414,1,50,70,,2011,8,1,1,,İMZASIZ
2415,1,50,70,,2011,8,1,1,BULANIK,
2416,1,50,70,,2011,8,1,1,,
2417,1,50,70,,2011,8,1,1,,
2418,1,70,50,,2011,8,1,1,,
2419,1,50,70,,2011,8,1,1,,
2420,1,50,70,,2011,8,1,1,,
2421,1,50,70,,2012,8,1,1,,
2422,1,50,70,,2009,8,1,1,,
2423,1,50,70,,2009,8,1,1,BULANIK,
2424,1,50,70,,2009,8,1,1,,
2425,1,70,50,,2009,8,1,1,,
2426,1,29,25,,2017,,1,24,YOK,
2427,1,"30,5",50,,2017,,1,27,YOK,
2428,1,20,49,,2017,,1,15,YOK,
2429,1,21,"29,5",,2017,,1,25,YOK,
2430,6,43,56,,2017,,1,6,YOK,
2431,6,"42,5",53,,2017,,1,13,YOK,
2432,1,30,30,,2017,,1,16,YOK,
2433,1,"33,5",48,,2017,,1,9,YOK,
2434,6,50,60,,2017,,1,20,YOK,
2435,6,"42,5",53,,2017,,1,22,YOK,
2436,1,"40,5","49,5",,2017,2,1,1,,
2437,1,"46,5",40,,2017,2,1,1,,İMZASIZ
2438,1,56,42,,2017,5,1,1,,
2439,1,36,"48,5",,2017,2,1,1,,
2440,1,39,34,,2017,2,1,1,,
2441,1,25,49,,2017,2,1,1,,
2442,1,34,"45,5",,2017,2,1,1,,
2443,1,"33,5","43,5",,2017,2,1,1,,
2444,1,42,44,,2017,2,1,1,,
2445,1,50,70,,2017,1,1,1,,
2446,1,"46,5","66,5",,2017,2,1,1,,İMZASIZ
2447,1,"45,5","61,5",,2017,2,1,1,,İMZASIZ
2448,1,"34,5",70,,2017,2,1,1,,İMZASIZ
2449,1,44,62,,2017,2,1,1,,
2450,1,60,70,,2017,2,1,1,,
2451,1,46,55,,2017,2,1,1,,İMZASIZ
2452,1,60,85,,2017,1,1,1,,İMZASIZ
2453,1,60,"68,5",,2017,1,1,1,,
2454,1,60,"68,5",,2017,1,1,1,,İMZASIZ
2455,1,60,"76,5",,2017,2,1,1,,İMZASIZ
2456,1,75,75,,2015,1,1,1,,
2457,1,85,65,,2016,1,1,1,,İMZASIZ
2458,1,45,55,,2017,1,1,1,,İMZASIZ
2459,1,50,76,,2017,1,1,1,,
2460,1,50,75,,2017,1,1,1,,
2461,1,63,90,,2017,1,1,1,,İMZASIZ
2462,1,56,85,,2017,1,1,1,,
2463,1,33,56,,2017,2,1,1,,İMZASIZ
2464,1,29,59,,2017,2,1,1,,
2465,1,29,"59,5",,2017,2,1,1,,İMZASIZ
2466,1,"52,5","40,5",,2017,2,1,1,,
2467,6,"52,5","42,5",,2017,5,1,1,,
2468,6,53,"42,5",,2017,5,1,1,,
2469,6,43,"49,5",,2017,5,1,1,,
2470,1,"32,5",55,,2017,2,1,1,YOK,
2471,6,"66,5",45,,2015,5,1,1,,İMZASIZ
2472,1,50,59,,2017,2,1,1,YOK,
2473,1,32,"43,5",,2017,2,1,1,YOK,
2474,1,35,50,,2017,1,1,1,YOK,
2475,1,70,100,,2017,1,1,1,YOK,
2476,1,"39,5",50,,2017,,1,1,YOK,
2477,1,27,60,,2017,,1,1,YOK,
2478,1,"27,5",43,,2017,,1,1,YOK,
2479,1,45,65,,2017,,1,1,YOK,
2480,1,43,58,,2017,,1,1,YOK,
2481,1,31,"57,5",,2017,,1,1,YOK,
2482,1,25,49,,2017,,1,1,YOK,
2483,1,,,"48,5",2017,4,1,1,YOK,
2484,1,62,62,,2017,,1,1,YOK,
2485,1,24,"60,5",,2017,,1,1,YOK,
2486,1,50,60,,2017,,1,1,YOK,
2487,1,60,"68,5",,2017,,1,1,YOK,
2488,1,"39,5",50,,2017,,1,1,YOK,
2489,10,34,49,,2017,,1,1,,SERGİ İÇİN VERİLEN NUMARALAR
2490,1,41,45,,2016,,1,1,,SERGİ İÇİN VERİLEN NUMARALAR
2491,1,42,"46,5",,2016,,1,1,,SERGİ İÇİN VERİLEN NUMARALAR
2492,10,30,50,,2018,,1,1,,SERGİ İÇİN VERİLEN NUMARALAR
2493,10,26,34,,2017,,1,1,,SERGİ İÇİN VERİLEN NUMARALAR
2494,10,32,32,,2017,,1,1,,SERGİ İÇİN VERİLEN NUMARALAR
2495,1,37,"47,5",,2017,,1,1,,SERGİ İÇİN VERİLEN NUMARALAR
2496,10,40,60,,,,1,1,,SERGİ İÇİN VERİLEN NUMARALAR
2497,10,60,40,,,,1,1,,SERGİ İÇİN VERİLEN NUMARALAR
2498,1,68,86,,2017,1,1,1,,SERGİ İÇİN VERİLEN NUMARALAR
2499,1,60,106,,2017,1,1,1,,SERGİ İÇİN VERİLEN NUMARALAR
2500,1,65,85,,2017,1,1,1,,SERGİ İÇİN VERİLEN NUMARALAR
2501,1,57,"61,5",,2017,1,1,1,,SERGİ İÇİN VERİLEN NUMARALAR
2502,,,,,,,1,1,YOK,
2503,,,,,,,1,1,YOK,
2504,,,,,,,1,1,YOK,
2505,,,,,,,1,1,YOK,
2506,,,,,,,1,1,YOK,
2507,,,,,,,1,1,YOK,
2508,,,,,,,1,1,YOK,
2509,10,31,43,,2017,9,1,1,YOK,
2510,1,90,110,,1987,1,1,8,,
2511,1,90,110,,1987,1,1,8,,
2631,1,34,50,,2018,8,1,1,,
2633,1,44,55,,2018,8,1,1,,
2635,1,50,70,,2018,8,1,1,,
2637,1,40,60,,2018,8,1,1,,
2638,1,50,69,,2018,8,1,1,,
2639,1,60,68,,2017,8,1,1,,
2640,1,40,60,,2019,8,1,1,,
2642,1,52,70,,2019,8,1,1,,
2645,6,55,80,,2018,8,1,1,,
2647,1,53,74,,2018,8,1,1,,
2648,1,50,70,,2019,8,1,1,,
2649,1,41,45,,2019,8,1,1,,
2650,1,40,60,,2019,8,1,1,,